GCA_017356705.2	Burkholderia	pseudomallei
GCA_017356725.2	Burkholderia	pseudomallei
GCA_020887275.1	Burkholderia	sp.
GCA_024298805.1	Burkholderia	sp.
GCA_029762415.1	Burkholderia	gladioli
GCA_040954445.1	Burkholderia	sp.
GCA_048918525.1	Burkholderia	gladioli
GCA_051027405.1	Burkholderia	stagnalis
GCA_055387565.1	Burkholderia	pseudomallei
GCA_056494915.1	Paraburkholderia	caledonica
GCA_059696275.1	Burkholderia	sp.
GCA_964417475.2	Burkholderia	pseudomallei
GCA_965199415.1	Burkholderia	pseudomallei
GCA_965199775.1	Burkholderia	pseudomallei
GCA_965217235.1	Burkholderia	multivorans
GCA_965217245.1	Burkholderia	multivorans
GCA_980298765.1	Burkholderia	pseudomallei
GCF_000009485.1	Burkholderia	cenocepacia
GCF_000010545.1	Burkholderia	multivorans
GCF_000011545.1	Burkholderia	pseudomallei
GCF_000011705.1	Burkholderia	mallei
GCF_000012365.1	Burkholderia	thailandensis
GCF_000012785.1	Burkholderia	pseudomallei
GCF_000012945.1	Burkholderia	lata
GCF_000013645.1	Paraburkholderia	xenovorans
GCF_000015465.1	Burkholderia	mallei
GCF_000015605.1	Burkholderia	mallei
GCF_000015625.1	Burkholderia	mallei
GCF_000015905.1	Burkholderia	pseudomallei
GCF_000015925.1	Burkholderia	pseudomallei
GCF_000016205.1	Burkholderia	vietnamiensis
GCF_000018505.1	Burkholderia	multivorans
GCF_000019505.1	Burkholderia	orbicola
GCF_000019925.1	Burkholderia	ambifaria
GCF_000020045.1	Paraburkholderia	phymatum
GCF_000020125.1	Paraburkholderia	phytofirmans
GCF_000022645.2	Burkholderia	glumae
GCF_000092885.1	Paraburkholderia	atlantica
GCF_000194745.1	Burkholderia	gladioli
GCF_000198775.1	Mycetohabitans	rhizoxinica
GCF_000203915.1	Burkholderia	ambifaria
GCF_000203955.1	Burkholderia	cenocepacia
GCF_000236065.1	Burkholderia	sp.
GCF_000236215.2	Burkholderia	cenocepacia
GCF_000260515.1	Burkholderia	pseudomallei
GCF_000262695.1	Burkholderia	sp.
GCF_000292915.1	Burkholderia	cepacia
GCF_000294635.1	Burkholderia	pseudomallei
GCF_000300095.1	Paraburkholderia	phenoliruptrix
GCF_000385525.1	Burkholderia	thailandensis
GCF_000402035.1	Caballeronia	insecticola
GCF_000439695.1	Burkholderia	pseudomallei
GCF_000494855.1	Burkholderia	pseudomallei
GCF_000511895.1	Burkholderia	pseudomallei
GCF_000511915.1	Burkholderia	pseudomallei
GCF_000520895.1	Burkholderia	pseudomallei
GCF_000521645.1	Burkholderia	pseudomallei
GCF_000522545.2	Paraburkholderia	caribensis
GCF_000567905.1	Burkholderia	thailandensis
GCF_000567925.1	Burkholderia	thailandensis
GCF_000567945.1	Burkholderia	thailandensis
GCF_000583835.1	Burkholderia	pseudomallei
GCF_000701165.1	Burkholderia	cepacia
GCF_000705535.2	Burkholderia	seminalis
GCF_000706745.1	Burkholderia	thailandensis
GCF_000755725.1	Burkholderia	cenocepacia
GCF_000755765.1	Burkholderia	pseudomallei
GCF_000755785.1	Burkholderia	mallei
GCF_000755805.1	Burkholderia	cepacia
GCF_000755825.1	Burkholderia	pseudomallei
GCF_000755845.1	Burkholderia	mallei
GCF_000755865.1	Burkholderia	mallei
GCF_000755885.1	Burkholderia	mallei
GCF_000755905.1	Burkholderia	pseudomallei
GCF_000755925.1	Burkholderia	pseudomallei
GCF_000755945.1	Burkholderia	pseudomallei
GCF_000755965.1	Burkholderia	pseudomallei
GCF_000755985.1	Burkholderia	oklahomensis
GCF_000756005.1	Burkholderia	multivorans
GCF_000756025.1	Burkholderia	mallei
GCF_000756045.1	Paraburkholderia	xenovorans
GCF_000756065.1	Burkholderia	pseudomallei
GCF_000756085.1	Burkholderia	pseudomallei
GCF_000756125.1	Burkholderia	pseudomallei
GCF_000756145.1	Burkholderia	pseudomallei
GCF_000756165.1	Burkholderia	pseudomallei
GCF_000756185.1	Burkholderia	pseudomallei
GCF_000757015.2	Burkholderia	pseudomallei
GCF_000757035.2	Burkholderia	pseudomallei
GCF_000762285.1	Burkholderia	mallei
GCF_000764575.1	Burkholderia	pseudomallei
GCF_000764595.1	Burkholderia	thailandensis
GCF_000764955.1	Burkholderia	cenocepacia
GCF_000765375.1	Burkholderia	thailandensis
GCF_000770395.1	Burkholderia	pseudomallei
GCF_000770455.1	Burkholderia	pseudomallei
GCF_000770495.1	Burkholderia	pseudomallei
GCF_000770515.1	Burkholderia	pseudomallei
GCF_000770535.1	Burkholderia	pseudomallei
GCF_000770565.1	Burkholderia	pseudomallei
GCF_000808035.2	Burkholderia	thailandensis
GCF_000828875.1	Caballeronia	cordobensis
GCF_000835205.1	Burkholderia	plantarii
GCF_000953095.1	Burkholderia	pseudomallei
GCF_000954175.1	Burkholderia	pseudomallei
GCF_000959125.1	Burkholderia	pseudomallei
GCF_000959145.1	Burkholderia	pseudomallei
GCF_000959165.1	Burkholderia	mallei
GCF_000959185.1	Burkholderia	pseudomallei
GCF_000959205.1	Burkholderia	pseudomallei
GCF_000959225.1	Burkholderia	pseudomallei
GCF_000959245.1	Burkholderia	ubonensis
GCF_000959265.1	Burkholderia	pseudomallei
GCF_000959285.1	Burkholderia	pseudomallei
GCF_000959305.1	Burkholderia	pseudomallei
GCF_000959325.1	Burkholderia	humptydooensis
GCF_000959345.1	Burkholderia	pseudomallei
GCF_000959365.1	Burkholderia	oklahomensis
GCF_000959405.1	Burkholderia	mallei
GCF_000959425.1	Burkholderia	thailandensis
GCF_000959445.1	Burkholderia	vietnamiensis
GCF_000959465.1	Burkholderia	mallei
GCF_000959485.1	Burkholderia	mallei
GCF_000959505.1	Burkholderia	dolosa
GCF_000959525.1	Burkholderia	multivorans
GCF_000959545.1	Burkholderia	ambifaria
GCF_000959605.1	Burkholderia	thailandensis
GCF_000959625.1	Burkholderia	mallei
GCF_000959725.1	Burkholderia	gladioli
GCF_000960995.1	Burkholderia	glumae
GCF_000961515.1	Paraburkholderia	fungorum
GCF_000974835.2	Burkholderia	cepacia
GCF_001028665.1	Burkholderia	pyrrocinia
GCF_001029145.1	Burkholderia	contaminans
GCF_001277875.1	Burkholderia	pseudomallei
GCF_001277895.1	Burkholderia	pseudomallei
GCF_001277975.1	Burkholderia	pseudomallei
GCF_001293045.1	Burkholderia	sp.
GCF_001318245.1	Burkholderia	pseudomallei
GCF_001411495.1	Burkholderia	cepacia
GCF_001411805.1	Burkholderia	plantarii
GCF_001449005.1	Paraburkholderia	caribensis
GCF_001484665.1	Burkholderia	cenocepacia
GCF_001513745.1	Burkholderia	humptydooensis
GCF_001522105.2	Burkholderia	oklahomensis
GCF_001522135.2	Burkholderia	oklahomensis
GCF_001522585.2	Burkholderia	sp.
GCF_001522635.2	Burkholderia	mayonis
GCF_001523745.2	Burkholderia	mayonis
GCF_001523915.2	Burkholderia	sp.
GCF_001524445.2	Burkholderia	savannae
GCF_001524625.2	Burkholderia	savannae
GCF_001524645.2	Burkholderia	sp.
GCF_001532025.2	Burkholderia	sp.
GCF_001557535.2	Burkholderia	sp.
GCF_001577465.1	Burkholderia	sp.
GCF_001606115.1	Burkholderia	cenocepacia
GCF_001606135.1	Burkholderia	cenocepacia
GCF_001611015.1	Paraburkholderia	caribensis
GCF_001634365.1	Paraburkholderia	phytofirmans
GCF_001695715.1	Burkholderia	pseudomallei
GCF_001695735.1	Burkholderia	pseudomallei
GCF_001718295.1	Burkholderia	thailandensis
GCF_001718315.1	Burkholderia	diffusa
GCF_001718335.1	Burkholderia	territorii
GCF_001718355.1	Burkholderia	ubonensis
GCF_001718395.1	Burkholderia	cepacia
GCF_001718415.1	Burkholderia	pseudomultivorans
GCF_001718495.1	Burkholderia	vietnamiensis
GCF_001718515.1	Burkholderia	cenocepacia
GCF_001718535.1	Burkholderia	seminalis
GCF_001718555.1	Burkholderia	metallica
GCF_001718575.1	Burkholderia	lata
GCF_001718595.1	Burkholderia	thailandensis
GCF_001718615.1	Burkholderia	thailandensis
GCF_001718635.1	Burkholderia	thailandensis
GCF_001718655.1	Burkholderia	ubonensis
GCF_001718695.1	Burkholderia	ubonensis
GCF_001718755.1	Burkholderia	multivorans
GCF_001718775.1	Burkholderia	vietnamiensis
GCF_001718795.1	Burkholderia	latens
GCF_001718815.1	Burkholderia	vietnamiensis
GCF_001718835.1	Burkholderia	cepacia
GCF_001718855.1	Burkholderia	ubonensis
GCF_001718875.1	Burkholderia	singularis
GCF_001718895.1	Burkholderia	cenocepacia
GCF_001718915.1	Burkholderia	vietnamiensis
GCF_001718955.1	Burkholderia	stagnalis
GCF_001718975.1	Burkholderia	ubonensis
GCF_001718995.1	Burkholderia	multivorans
GCF_001729545.1	Burkholderia	mallei
GCF_001742165.1	Burkholderia	stabilis
GCF_001865575.2	Paraburkholderia	sprentiae
GCF_001885195.1	Burkholderia	pseudomallei
GCF_001887555.1	Burkholderia	pseudomallei
GCF_001887575.1	Burkholderia	pseudomallei
GCF_001922345.1	Paraburkholderia	sp.
GCF_001975065.1	Burkholderia	pseudomallei
GCF_001975085.1	Burkholderia	pseudomallei
GCF_001975105.1	Burkholderia	pseudomallei
GCF_001975125.1	Burkholderia	pseudomallei
GCF_001975145.1	Burkholderia	pseudomallei
GCF_001980585.2	Burkholderia	pseudomallei
GCF_001999785.1	Burkholderia	cenocepacia
GCF_001999825.1	Burkholderia	cenocepacia
GCF_001999885.1	Burkholderia	cenocepacia
GCF_002007585.1	Burkholderia	cenocepacia
GCF_002097715.1	Burkholderia	ubonensis
GCF_002110945.1	Burkholderia	pseudomallei
GCF_002110965.1	Burkholderia	pseudomallei
GCF_002111005.1	Burkholderia	pseudomallei
GCF_002111025.1	Burkholderia	pseudomallei
GCF_002111045.1	Burkholderia	pseudomallei
GCF_002111085.1	Burkholderia	pseudomallei
GCF_002111105.1	Burkholderia	pseudomallei
GCF_002111125.1	Burkholderia	pseudomallei
GCF_002111145.1	Burkholderia	pseudomallei
GCF_002111165.1	Burkholderia	pseudomallei
GCF_002111205.1	Burkholderia	pseudomallei
GCF_002111225.1	Burkholderia	pseudomallei
GCF_002111245.1	Burkholderia	pseudomallei
GCF_002111265.1	Burkholderia	pseudomallei
GCF_002111285.1	Burkholderia	pseudomallei
GCF_002111305.1	Burkholderia	pseudomallei
GCF_002111325.1	Burkholderia	pseudomallei
GCF_002111345.1	Burkholderia	pseudomallei
GCF_002111365.1	Burkholderia	pseudomallei
GCF_002111385.1	Burkholderia	pseudomallei
GCF_002208175.1	Burkholderia	gladioli
GCF_002209085.2	Burkholderia	cepacia
GCF_002278075.1	Paraburkholderia	aromaticivorans
GCF_002345985.1	Burkholderia	mallei
GCF_002346005.1	Burkholderia	mallei
GCF_002346025.1	Burkholderia	mallei
GCF_002346045.1	Burkholderia	mallei
GCF_002346065.1	Burkholderia	mallei
GCF_002346085.1	Burkholderia	mallei
GCF_002346105.1	Burkholderia	mallei
GCF_002346125.1	Burkholderia	mallei
GCF_002346145.1	Burkholderia	mallei
GCF_002346165.1	Burkholderia	mallei
GCF_002346185.1	Burkholderia	mallei
GCF_002346205.1	Burkholderia	mallei
GCF_002356275.1	Burkholderia	stabilis
GCF_002386205.1	Burkholderia	thailandensis
GCF_002393425.1	Burkholderia	gladioli
GCF_002407525.2	Burkholderia	cepacia
GCF_002843645.1	Burkholderia	pseudomallei
GCF_002860065.1	Burkholderia	pseudomallei
GCF_002902925.1	Paraburkholderia	terrae
GCF_002902945.1	Paraburkholderia	caribensis
GCF_002902965.1	Paraburkholderia	hospita
GCF_003019945.1	Burkholderia	vietnamiensis
GCF_003019965.1	Burkholderia	multivorans
GCF_003020025.1	Burkholderia	thailandensis
GCF_003020185.1	Burkholderia	thailandensis
GCF_003076415.1	Burkholderia	cenocepacia
GCF_003233675.1	Burkholderia	sp.
GCF_003286395.1	Paraburkholderia	dokdonensis
GCF_003330745.1	Paraburkholderia	caledonica
GCF_003330765.1	Burkholderia	pyrrocinia
GCF_003330785.1	Paraburkholderia	graminis
GCF_003330805.1	Paraburkholderia	hospita
GCF_003330825.1	Paraburkholderia	terricola
GCF_003366075.1	Burkholderia	sp.
GCF_003368325.1	Paraburkholderia	caffeinilytica
GCF_003445415.1	Burkholderia	pseudomallei
GCF_003546465.1	Burkholderia	cepacia
GCF_003547015.1	Burkholderia	pseudomallei
GCF_003547035.1	Burkholderia	pseudomallei
GCF_003547055.1	Burkholderia	pseudomallei
GCF_003568605.1	Burkholderia	thailandensis
GCF_003606245.1	Burkholderia	pseudomallei
GCF_003613595.1	Burkholderia	gladioli
GCF_003614815.1	Burkholderia	thailandensis
GCF_003614835.1	Burkholderia	thailandensis
GCF_003704285.1	Burkholderia	contaminans
GCF_003711145.1	Burkholderia	lata
GCF_003713105.1	Burkholderia	gladioli
GCF_003798245.1	Burkholderia	pseudomallei
GCF_003798265.1	Burkholderia	pseudomallei
GCF_003798365.1	Burkholderia	pseudomallei
GCF_003812365.1	Burkholderia	multivorans
GCF_003812585.1	Burkholderia	multivorans
GCF_003812965.1	Burkholderia	multivorans
GCF_003813045.1	Burkholderia	dolosa
GCF_003966315.1	Burkholderia	cenocepacia
GCF_004323015.1	Burkholderia	pseudomallei
GCF_004323035.1	Burkholderia	pseudomallei
GCF_004348055.1	Burkholderia	pseudomallei
GCF_004348075.1	Burkholderia	pseudomallei
GCF_004367665.1	Burkholderia	pseudomallei
GCF_004367685.1	Burkholderia	pseudomallei
GCF_004367705.1	Burkholderia	pseudomallei
GCF_004367725.1	Burkholderia	pseudomallei
GCF_004526325.1	Burkholderia	pseudomallei
GCF_004842085.1	Burkholderia	pseudomallei
GCF_005280735.1	Trinickia	violacea
GCF_005853645.1	Burkholderia	pseudomallei
GCF_005862325.1	Burkholderia	pseudomallei
GCF_005937855.2	Burkholderia	sp.
GCF_006094315.1	Burkholderia	cepacia
GCF_007556815.1	Paraburkholderia	megapolitana
GCF_007724625.1	Burkholderia	contaminans
GCF_008693485.1	Burkholderia	multivorans
GCF_008693525.1	Burkholderia	multivorans
GCF_008728255.1	Burkholderia	pseudomallei
GCF_008728275.1	Burkholderia	pseudomallei
GCF_008728295.1	Burkholderia	pseudomallei
GCF_008728315.1	Burkholderia	pseudomallei
GCF_008728335.1	Burkholderia	pseudomallei
GCF_008728355.1	Burkholderia	pseudomallei
GCF_008728375.1	Burkholderia	pseudomallei
GCF_009191525.1	Burkholderia	contaminans
GCF_009578005.1	Burkholderia	glumae
GCF_009586235.1	Burkholderia	cepacia
GCF_009730035.1	Burkholderia	multivorans
GCF_009730175.1	Burkholderia	multivorans
GCF_009730195.1	Burkholderia	multivorans
GCF_009749345.1	Burkholderia	pseudomallei
GCF_009755625.1	Burkholderia	contaminans
GCF_009789655.1	Paraburkholderia	acidiphila
GCF_009789675.1	Paraburkholderia	acidisoli
GCF_009857095.1	Burkholderia	glumae
GCF_009931375.1	Burkholderia	glumae
GCF_009938265.1	Burkholderia	sp.
GCF_011039955.1	Caballeronia	sp.
GCF_011493005.1	Caballeronia	sp.
GCF_011578485.1	Burkholderia	thailandensis
GCF_012689525.1	Paraburkholderia	aromaticivorans
GCF_012974245.1	Burkholderia	glumae
GCF_013122645.1	Burkholderia	glumae
GCF_013307145.1	Burkholderia	glumae
GCF_013307165.1	Burkholderia	glumae
GCF_013378095.1	Paraburkholderia	caribensis
GCF_013426895.1	Paraburkholderia	largidicola
GCF_013426915.1	Paraburkholderia	sp.
GCF_013822785.1	Burkholderia	sp.
GCF_014171495.1	Paraburkholderia	tropica
GCF_014211915.1	Burkholderia	cenocepacia
GCF_014263355.1	Burkholderia	gladioli
GCF_014357995.1	Burkholderia	cenocepacia
GCF_014854795.1	Burkholderia	cepacia
GCF_016026055.1	Burkholderia	glumae
GCF_016027435.1	Burkholderia	oklahomensis
GCF_016027455.1	Burkholderia	humptydooensis
GCF_016127755.1	Burkholderia	ambifaria
GCF_016128195.1	Paraburkholderia	ginsengisoli
GCF_016458785.1	Burkholderia	ambifaria
GCF_016458805.1	Burkholderia	anthina
GCF_016598875.1	Burkholderia	glumae
GCF_016698705.1	Burkholderia	gladioli
GCF_016774495.1	Burkholderia	thailandensis
GCF_016864355.1	Burkholderia	pseudomallei
GCF_016889205.1	Burkholderia	dolosa
GCF_016899425.1	Burkholderia	sp.
GCF_016899445.1	Burkholderia	sp.
GCF_017165175.1	Burkholderia	multivorans
GCF_017165195.1	Burkholderia	multivorans
GCF_017165475.1	Burkholderia	multivorans
GCF_017165495.1	Burkholderia	multivorans
GCF_017165515.1	Burkholderia	multivorans
GCF_017165535.1	Burkholderia	multivorans
GCF_017165555.1	Burkholderia	multivorans
GCF_017220215.1	Caballeronia	sp.
GCF_017378155.1	Burkholderia	pseudomallei
GCF_017378195.1	Burkholderia	pseudomallei
GCF_017378235.1	Burkholderia	pseudomallei
GCF_017378275.1	Burkholderia	pseudomallei
GCF_017378315.2	Burkholderia	pseudomallei
GCF_017378355.1	Burkholderia	pseudomallei
GCF_017378435.1	Burkholderia	pseudomallei
GCF_017514945.1	Burkholderia	anthina
GCF_017815595.1	Burkholderia	latens
GCF_017815615.1	Burkholderia	latens
GCF_017858835.1	Burkholderia	glumae
GCF_018223765.1	Burkholderia	cenocepacia
GCF_018223785.1	Burkholderia	contaminans
GCF_018223805.1	Burkholderia	cenocepacia
GCF_018228345.1	Burkholderia	pseudomallei
GCF_018228385.1	Burkholderia	pseudomallei
GCF_018228525.1	Burkholderia	pseudomallei
GCF_018228545.1	Burkholderia	pseudomallei
GCF_018228565.1	Burkholderia	pseudomallei
GCF_018228585.1	Burkholderia	pseudomallei
GCF_018228605.1	Burkholderia	pseudomallei
GCF_018228625.1	Burkholderia	cenocepacia
GCF_018408855.1	Caballeronia	sp.
GCF_018417535.1	Burkholderia	pyrrocinia
GCF_018771365.1	Burkholderia	pseudomallei
GCF_019428685.1	Paraburkholderia	edwinii
GCF_019915365.1	Burkholderia	contaminans
GCF_019930785.1	Burkholderia	dolosa
GCF_020099355.1	Burkholderia	vietnamiensis
GCF_020544345.1	Paraburkholderia	caribensis
GCF_020736245.1	Burkholderia	dolosa
GCF_020843905.1	Burkholderia	ambifaria
GCF_020843925.1	Burkholderia	ambifaria
GCF_020843945.1	Burkholderia	sp.
GCF_020843965.1	Burkholderia	sp.
GCF_020843985.1	Burkholderia	ambifaria
GCF_020885575.1	Paraburkholderia	terrae
GCF_021344035.2	Burkholderia	cepacia
GCF_021484945.1	Burkholderia	cepacia
GCF_021535065.1	Burkholderia	cenocepacia
GCF_021899435.1	Burkholderia	aenigmatica
GCF_022213445.1	Burkholderia	vietnamiensis
GCF_022533485.1	Burkholderia	contaminans
GCF_022809715.1	Burkholderia	pyrrocinia
GCF_022879575.1	Caballeronia	sp.
GCF_022879595.1	Caballeronia	sp.
GCF_022879615.1	Caballeronia	grimmiae
GCF_022879815.1	Caballeronia	zhejiangensis
GCF_023053515.1	Burkholderia	cepacia
GCF_023169865.1	Paraburkholderia	terrae
GCF_023170545.1	Caballeronia	sp.
GCF_023373625.1	Burkholderia	multivorans
GCF_023373645.1	Burkholderia	multivorans
GCF_023373665.1	Burkholderia	multivorans
GCF_023373685.1	Burkholderia	multivorans
GCF_023373725.1	Burkholderia	vietnamiensis
GCF_023374315.1	Burkholderia	multivorans
GCF_023374335.1	Burkholderia	cenocepacia
GCF_023374355.1	Burkholderia	multivorans
GCF_023374375.1	Burkholderia	multivorans
GCF_023374395.1	Burkholderia	multivorans
GCF_023374415.1	Burkholderia	multivorans
GCF_023374435.1	Burkholderia	multivorans
GCF_023374455.1	Burkholderia	multivorans
GCF_023374475.1	Burkholderia	cepacia
GCF_023374495.1	Burkholderia	multivorans
GCF_023374515.1	Burkholderia	multivorans
GCF_023374535.1	Burkholderia	multivorans
GCF_023374575.1	Burkholderia	multivorans
GCF_023374595.1	Burkholderia	multivorans
GCF_023374615.1	Burkholderia	multivorans
GCF_023374635.1	Burkholderia	multivorans
GCF_023374655.1	Burkholderia	multivorans
GCF_023374675.1	Burkholderia	cepacia
GCF_023374695.1	Burkholderia	multivorans
GCF_023374715.1	Burkholderia	cepacia
GCF_023374735.1	Burkholderia	multivorans
GCF_023374755.1	Burkholderia	multivorans
GCF_023374775.1	Burkholderia	multivorans
GCF_023374795.1	Burkholderia	multivorans
GCF_023374815.1	Burkholderia	multivorans
GCF_023374835.1	Burkholderia	cenocepacia
GCF_023374855.1	Burkholderia	cenocepacia
GCF_023374875.1	Burkholderia	multivorans
GCF_023374895.1	Burkholderia	multivorans
GCF_023658595.1	Burkholderia	gladioli
GCF_024022955.1	Burkholderia	glumae
GCF_024072595.1	Paraburkholderia	fungorum
GCF_024072715.1	Paraburkholderia	fungorum
GCF_024123895.1	Paraburkholderia	fungorum
GCF_024381035.2	Burkholderia	arboris
GCF_024600575.1	Burkholderia	cepacia
GCF_024661975.1	Burkholderia	contaminans
GCF_024662395.1	Burkholderia	glumae
GCF_024662415.1	Burkholderia	glumae
GCF_024662435.1	Burkholderia	glumae
GCF_024662455.1	Burkholderia	glumae
GCF_024662475.1	Burkholderia	glumae
GCF_024662615.1	Burkholderia	glumae
GCF_024662735.1	Burkholderia	glumae
GCF_024662895.1	Burkholderia	glumae
GCF_024663015.1	Burkholderia	glumae
GCF_024663135.1	Burkholderia	glumae
GCF_024663255.1	Burkholderia	glumae
GCF_024663375.1	Burkholderia	glumae
GCF_024663615.1	Burkholderia	glumae
GCF_024663775.1	Burkholderia	glumae
GCF_024663895.1	Burkholderia	glumae
GCF_024663975.1	Burkholderia	glumae
GCF_024663995.1	Burkholderia	glumae
GCF_024664015.1	Burkholderia	glumae
GCF_024664035.1	Burkholderia	glumae
GCF_024664055.1	Burkholderia	glumae
GCF_024664075.1	Burkholderia	glumae
GCF_024664095.1	Burkholderia	glumae
GCF_024664115.1	Burkholderia	glumae
GCF_024664135.1	Burkholderia	glumae
GCF_024664155.1	Burkholderia	glumae
GCF_024664175.1	Burkholderia	glumae
GCF_024664195.1	Burkholderia	glumae
GCF_024664215.1	Burkholderia	glumae
GCF_024664235.1	Burkholderia	glumae
GCF_024664255.1	Burkholderia	glumae
GCF_024664275.1	Burkholderia	glumae
GCF_024730645.1	Burkholderia	sp.
GCF_024732225.1	Burkholderia	pyrrocinia
GCF_024760585.1	Burkholderia	glumae
GCF_024760605.1	Burkholderia	glumae
GCF_024760625.1	Burkholderia	glumae
GCF_024760645.1	Burkholderia	glumae
GCF_025244785.1	Burkholderia	gladioli
GCF_025560745.1	Burkholderia	sp.
GCF_025643495.1	Burkholderia	multivorans
GCF_025643515.1	Burkholderia	contaminans
GCF_025643555.1	Burkholderia	multivorans
GCF_025643575.1	Burkholderia	cenocepacia
GCF_026315005.1	Burkholderia	pseudomallei
GCF_026315025.1	Burkholderia	pseudomallei
GCF_026315045.1	Burkholderia	pseudomallei
GCF_026651625.1	Burkholderia	gladioli
GCF_026651975.1	Burkholderia	glumae
GCF_026651995.1	Burkholderia	glumae
GCF_026652015.1	Burkholderia	glumae
GCF_026683835.2	Burkholderia	ambifaria
GCF_026683855.2	Burkholderia	ambifaria
GCF_026683875.2	Burkholderia	ambifaria
GCF_026958255.1	Burkholderia	ambifaria
GCF_028201395.1	Burkholderia	pseudomallei
GCF_028462305.2	Burkholderia	cepacia
GCF_028473685.1	Paraburkholderia	bryophila
GCF_028657905.1	Burkholderia	sp.
GCF_029536165.1	Paraburkholderia	sp.
GCF_029590335.1	Burkholderia	contaminans
GCF_029633645.1	Burkholderia	contaminans
GCF_029633805.1	Burkholderia	contaminans
GCF_029633825.1	Burkholderia	contaminans
GCF_029910195.1	Burkholderia	sp.
GCF_029910215.1	Paraburkholderia	sp.
GCF_029962485.1	Burkholderia	cepacia
GCF_030078435.1	Burkholderia	vietnamiensis
GCF_030297195.1	Burkholderia	pseudomallei
GCF_030297215.1	Burkholderia	pseudomallei
GCF_030297235.1	Burkholderia	pseudomallei
GCF_030297255.1	Burkholderia	pseudomallei
GCF_030297275.1	Burkholderia	pseudomallei
GCF_030297295.1	Burkholderia	pseudomallei
GCF_030297315.1	Burkholderia	pseudomallei
GCF_030297335.1	Burkholderia	pseudomallei
GCF_030297355.1	Burkholderia	pseudomallei
GCF_030316055.1	Paraburkholderia	bonniea
GCF_030316075.1	Paraburkholderia	bonniea
GCF_030374675.1	Burkholderia	anthina
GCF_030412785.1	Paraburkholderia	sabiae
GCF_030505635.1	Burkholderia	glumae
GCF_030644525.1	Burkholderia	plantarii
GCF_030848725.1	Burkholderia	dolosa
GCF_031356765.1	Paraburkholderia	phenoliruptrix
GCF_031585635.1	Paraburkholderia	sp.
GCF_032806925.1	Paraburkholderia	kirstenboschensis
GCF_033391855.2	Paraburkholderia	terrae
GCF_033675275.1	Burkholderia	thailandensis
GCF_033675305.1	Burkholderia	thailandensis
GCF_033675325.1	Burkholderia	cepacia
GCF_033870355.1	Burkholderia	mallei
GCF_033870375.1	Burkholderia	mallei
GCF_033870395.1	Burkholderia	mallei
GCF_033956065.1	Burkholderia	mallei
GCF_034047095.1	Robbsia	andropogonis
GCF_034424375.1	Paraburkholderia	kururiensis
GCF_034424545.1	Trinickia	caryophylli
GCF_035621555.1	Burkholderia	thailandensis
GCF_036352035.1	Burkholderia	multivorans
GCF_036362805.1	Burkholderia	multivorans
GCF_036837415.1	Burkholderia	gladioli
GCF_036839165.1	Burkholderia	gladioli
GCF_037055255.1	Burkholderia	pyrrocinia
GCF_037101255.1	Paraburkholderia	sp.
GCF_037101275.1	Burkholderia	contaminans
GCF_037477895.1	Mycetohabitans	endofungorum
GCF_037477905.1	Mycetohabitans	endofungorum
GCF_037478035.1	Mycetohabitans	endofungorum
GCF_037478045.1	Mycetohabitans	rhizoxinica
GCF_037478055.1	Mycetohabitans	rhizoxinica
GCF_037478065.1	Mycetohabitans	rhizoxinica
GCF_037478075.1	Mycetohabitans	endofungorum
GCF_037478085.1	Mycetohabitans	endofungorum
GCF_038050405.1	Paraburkholderia	sp.
GCF_038452255.1	Burkholderia	pyrrocinia
GCF_038723655.1	Burkholderia	arboris
GCF_038782865.1	Burkholderia	ambifaria
GCF_038983115.1	Burkholderia	pseudomallei
GCF_038983225.1	Burkholderia	pseudomallei
GCF_039621805.1	Paraburkholderia	sp.
GCF_039728355.1	Burkholderia	cenocepacia
GCF_039848545.1	Burkholderia	stagnalis
GCF_039852015.1	Robbsia	sp.
GCF_040215475.1	Burkholderia	contaminans
GCF_040314805.1	Trinickia	caryophylli
GCF_040361905.1	Paraburkholderia	terrae
GCF_040735455.1	Burkholderia	semiarida
GCF_040761425.1	Burkholderia	sp.
GCF_041070875.1	Burkholderia	cepacia
GCF_041205585.2	Burkholderia	cenocepacia
GCF_042604585.1	Burkholderia	gladioli
GCF_042604595.1	Burkholderia	gladioli
GCF_043193125.1	Burkholderia	ambifaria
GCF_044057485.1	Burkholderia	contaminans
GCF_044501195.1	Burkholderia	anthina
GCF_045345775.1	Burkholderia	semiarida
GCF_045348565.1	Paraburkholderia	fungorum
GCF_045862465.1	Burkholderia	gladioli
GCF_045925845.1	Burkholderia	pyrrocinia
GCF_046773525.1	Burkholderia	cepacia
GCF_047127275.1	Burkholderia	lata
GCF_047325075.1	Paraburkholderia	phenoliruptrix
GCF_047497155.1	Burkholderia	sp.
GCF_047497165.1	Burkholderia	sp.
GCF_047902435.1	Burkholderia	cepacia
GCF_048565175.1	Burkholderia	gladioli
GCF_048565265.1	Burkholderia	theae
GCF_048627025.1	Burkholderia	aenigmatica
GCF_048688115.1	Burkholderia	thailandensis
GCF_048917655.1	Burkholderia	gladioli
GCF_048917665.1	Burkholderia	gladioli
GCF_048917685.1	Burkholderia	gladioli
GCF_049177125.1	Paraburkholderia	sp.
GCF_049487195.1	Burkholderia	sp.
GCF_049913365.1	Burkholderia	ambifaria
GCF_049942845.1	Burkholderia	sp.
GCF_050320195.1	Burkholderia	pseudomallei
GCF_050430075.1	Robbsia	andropogonis
GCF_050500075.1	Paraburkholderia	tropica
GCF_050613125.1	Burkholderia	gladioli
GCF_050613135.1	Burkholderia	cepacia
GCF_050627075.1	Paraburkholderia	fungorum
GCF_050627395.1	Paraburkholderia	fungorum
GCF_050632305.1	Burkholderia	contaminans
GCF_050632315.1	Burkholderia	contaminans
GCF_050632325.1	Burkholderia	cepacia
GCF_050632335.1	Burkholderia	contaminans
GCF_050632345.1	Burkholderia	contaminans
GCF_050632355.1	Burkholderia	cepacia
GCF_050813845.1	Burkholderia	sp.
GCF_050858985.1	Burkholderia	sp.
GCF_050920555.1	Burkholderia	gladioli
GCF_050955445.1	Paraburkholderia	sp.
GCF_050990585.1	Paraburkholderia	phenoliruptrix
GCF_050990595.1	Paraburkholderia	sacchari
GCF_051027425.1	Paraburkholderia	caffeinilytica
GCF_051124805.1	Paraburkholderia	sp.
GCF_051125205.1	Paraburkholderia	sp.
GCF_051125215.1	Paraburkholderia	sp.
GCF_051125545.1	Paraburkholderia	sp.
GCF_051355645.1	Burkholderia	lata
GCF_051560065.1	Burkholderia	pseudomallei
GCF_051560085.1	Burkholderia	pseudomallei
GCF_051560105.1	Burkholderia	pseudomallei
GCF_051560125.1	Burkholderia	pseudomallei
GCF_051560145.1	Burkholderia	pseudomallei
GCF_051615025.1	Caballeronia	sp.
GCF_052222725.1	Burkholderia	gladioli
GCF_052854005.1	Burkholderia	pseudomallei
GCF_052854015.1	Burkholderia	pseudomallei
GCF_052854305.1	Burkholderia	pseudomallei
GCF_052854315.1	Burkholderia	pseudomallei
GCF_052854605.1	Burkholderia	pseudomallei
GCF_052854615.1	Burkholderia	pseudomallei
GCF_052854885.1	Burkholderia	pseudomallei
GCF_052854895.1	Burkholderia	pseudomallei
GCF_052855305.1	Burkholderia	pseudomallei
GCF_052855315.1	Burkholderia	pseudomallei
GCF_052855605.1	Burkholderia	pseudomallei
GCF_052855615.1	Burkholderia	pseudomallei
GCF_052855985.1	Burkholderia	pseudomallei
GCF_052856205.1	Burkholderia	pseudomallei
GCF_052857015.1	Burkholderia	pseudomallei
GCF_052857225.1	Burkholderia	pseudomallei
GCF_052857935.1	Burkholderia	pseudomallei
GCF_052858145.1	Burkholderia	pseudomallei
GCF_052858685.1	Burkholderia	pseudomallei
GCF_052858755.1	Burkholderia	pseudomallei
GCF_053038975.1	Burkholderia	sola
GCF_053153985.1	Burkholderia	vietnamiensis
GCF_053209605.1	Burkholderia	sola
GCF_053348855.1	Burkholderia	metallica
GCF_053470105.1	Burkholderia	gladioli
GCF_053470145.1	Burkholderia	gladioli
GCF_053760385.1	Caballeronia	sp.
GCF_054073385.1	Burkholderia	pyrrocinia
GCF_054073395.1	Burkholderia	pyrrocinia
GCF_054166125.1	Paraburkholderia	strydomiana
GCF_054166145.1	Paraburkholderia	strydomiana
GCF_054166155.1	Paraburkholderia	strydomiana
GCF_054166185.1	Burkholderia	ambifaria
GCF_054166195.1	Paraburkholderia	graminis
GCF_054166225.1	Paraburkholderia	strydomiana
GCF_054166245.1	Paraburkholderia	strydomiana
GCF_054166265.1	Paraburkholderia	strydomiana
GCF_054187845.1	Burkholderia	gladioli
GCF_054558305.1	Burkholderia	contaminans
GCF_054955335.1	Burkholderia	contaminans
GCF_055386035.1	Burkholderia	gladioli
GCF_055387925.1	Burkholderia	mallei
GCF_055391905.1	Paraburkholderia	monticola
GCF_055397325.1	Paraburkholderia	largidicola
GCF_055397665.1	Burkholderia	mallei
GCF_055397955.1	Burkholderia	gladioli
GCF_055810255.1	Burkholderia	thailandensis
GCF_056270685.1	Paraburkholderia	sp.
GCF_056591095.1	Paraburkholderia	terricola
GCF_056640905.1	Burkholderia	pyrrocinia
GCF_056783395.1	Burkholderia	pyrrocinia
GCF_056847505.1	Mycetohabitans	endofungorum
GCF_056867595.1	Mycetohabitans	rhizoxinica
GCF_056868365.1	Mycetohabitans	rhizoxinica
GCF_056868375.1	Mycetohabitans	rhizoxinica
GCF_056880615.1	Mycetohabitans	rhizoxinica
GCF_057005415.2	Burkholderia	sp.
GCF_057369595.1	Burkholderia	cepacia
GCF_057439935.1	Burkholderia	cepacia
GCF_057587595.1	Paraburkholderia	sp.
GCF_057612605.2	Caballeronia	sp.
GCF_057748135.1	Paraburkholderia	sp.
GCF_058448765.1	Burkholderia	gladioli
GCF_059089405.1	Burkholderia	pyrrocinia
GCF_059622985.1	Paraburkholderia	agricolaris
GCF_902141795.1	Burkholderia	pseudomallei
GCF_902141815.1	Burkholderia	pseudomallei
GCF_902141835.1	Burkholderia	pseudomallei
GCF_902459535.1	Paraburkholderia	dioscoreae
GCF_904865725.1	Burkholderia	cepacia
GCF_905400185.1	Burkholderia	sola
GCF_939576165.1	Burkholderia	mallei
GCF_964026365.1	Caballeronia	sp.
GCF_964261745.1	Caballeronia	sp.
GCF_964264985.1	Burkholderia	mycopellens
GCF_964264995.1	Burkholderia	crassaminum
GCF_964265005.1	Burkholderia	crassaminum
GCF_964265015.1	Burkholderia	crassaminum
GCF_964265025.1	Burkholderia	mycopellens
GCF_965118185.1	Paraburkholderia	kururiensis
GCF_965199385.1	Burkholderia	pseudomallei
GCF_965199395.1	Burkholderia	pseudomallei
GCF_965199405.1	Burkholderia	pseudomallei
GCF_965199425.1	Burkholderia	pseudomallei
GCF_965199435.1	Burkholderia	pseudomallei
GCF_965199445.1	Burkholderia	pseudomallei
GCF_965199455.1	Burkholderia	pseudomallei
GCF_965199515.1	Burkholderia	pseudomallei
GCF_965199545.1	Burkholderia	pseudomallei
GCF_965199625.1	Burkholderia	pseudomallei
GCF_965199835.1	Burkholderia	pseudomallei
GCF_965199925.1	Burkholderia	pseudomallei
GCF_965201125.1	Burkholderia	pseudomallei
GCF_965202565.1	Burkholderia	pseudomallei
GCF_965211575.1	Burkholderia	pseudomallei
GCF_965211595.1	Burkholderia	pseudomallei
GCF_980295165.1	Burkholderia	pseudomallei
GCF_980300355.1	Burkholderia	pseudomallei
GCF_980300905.1	Burkholderia	pseudomallei
GCF_980300945.1	Burkholderia	pseudomallei
GCF_980300965.1	Burkholderia	pseudomallei
GCF_984667665.1	Burkholderia	arboris
GCF_984667675.1	Burkholderia	arboris
GCF_984667725.1	Burkholderia	arboris
GCF_984667835.1	Burkholderia	arboris
GCF_984667895.1	Burkholderia	arboris
GCF_984667945.1	Burkholderia	arboris
GCF_984667955.1	Burkholderia	arboris
GCF_984667975.1	Burkholderia	sp.
GCF_984668005.1	Burkholderia	arboris
GCF_984668195.1	Burkholderia	sp.
GCF_984668265.1	Burkholderia	arboris
GCF_984668355.1	Burkholderia	sp.
GCF_984668395.1	Burkholderia	arboris
GCF_984668525.1	Burkholderia	sp.
GCF_984669265.1	Burkholderia	sp.
GCF_984669325.1	Burkholderia	sp.
GCF_984669335.1	Burkholderia	arboris
GCF_984669415.1	Burkholderia	arboris
GCF_984669565.1	Burkholderia	arboris
GCF_984669585.1	Burkholderia	arboris
GCF_984669685.1	Burkholderia	arboris
GCF_984669705.1	Burkholderia	sp.
GCF_984671675.1	Burkholderia	sp.
GCF_984671695.1	Burkholderia	arboris
MF6	Burkholderia	sola
MF7	Burkholderia	sp.
