Ref_file	Query_file	ANI	Align_fraction_ref	Align_fraction_query	Ref_name	Query_name
genomes/MF7.fna	MF6.fna	100.00	89.07	99.25	BMF7_NODE_26_len_1074_cov_2_45145_ID_4813260.1	cluster_001_consensus
genomes/GCF_016899425.1.fna	MF6.fna	99.71	97.23	96.59	NZ_CP045994.1	cluster_001_consensus
genomes/GCF_905400185.1.fna	MF6.fna	99.50	92.66	96.41	NZ_FR989675.1	cluster_001_consensus
genomes/GCF_053038975.1.fna	MF6.fna	96.14	84.34	82.32	NZ_CP199959.1	cluster_001_consensus
genomes/GCF_053209605.1.fna	MF6.fna	96.11	84.41	82.36	NZ_CP199985.1	cluster_001_consensus
genomes/GCF_003966315.1.fna	MF6.fna	95.32	76.35	78.68	NZ_CP034545.1	cluster_001_consensus
genomes/GCF_001718515.1.fna	MF6.fna	94.87	81.26	65.97	NZ_CP013397.1	cluster_001_consensus
genomes/GCF_014211915.1.fna	MF6.fna	94.65	76.87	75.00	NZ_CP060039.1	cluster_001_consensus
genomes/GCF_003076415.1.fna	MF6.fna	94.65	77.69	70.41	NZ_CP021067.1	cluster_001_consensus
genomes/GCF_000203955.1.fna	MF6.fna	94.63	75.11	74.20	NC_008542.1	cluster_001_consensus
genomes/GCF_000019505.1.fna	MF6.fna	94.63	74.05	75.70	NC_010508.1	cluster_001_consensus
genomes/GCF_040735455.1.fna	MF6.fna	94.53	79.39	77.19	NZ_CP136803.1	cluster_001_consensus
genomes/GCF_001999825.1.fna	MF6.fna	94.53	78.85	74.78	NZ_CP019670.1	cluster_001_consensus
genomes/GCF_021535065.1.fna	MF6.fna	94.51	71.89	74.79	NZ_CP091012.1	cluster_001_consensus
genomes/GCF_002007585.1.fna	MF6.fna	94.51	75.34	74.05	NZ_CP017238.1	cluster_001_consensus
genomes/GCF_001999785.1.fna	MF6.fna	94.51	78.79	75.78	NZ_CP019668.1	cluster_001_consensus
genomes/GCF_039728355.1.fna	MF6.fna	94.50	67.41	71.49	NZ_CP155787.1	cluster_001_consensus
genomes/GCF_018228625.1.fna	MF6.fna	94.50	68.65	71.69	NZ_CP073702.1	cluster_001_consensus
genomes/GCF_001606115.1.fna	MF6.fna	94.50	69.82	72.97	NZ_CP015033.1	cluster_001_consensus
genomes/GCF_037101275.1.fna	MF6.fna	94.41	77.19	75.37	NZ_AP029051.1	cluster_001_consensus
genomes/GCF_904865725.1.fna	MF6.fna	94.41	70.81	72.13	NZ_LR890523.1	cluster_001_consensus
genomes/GCF_000755805.1.fna	MF6.fna	94.39	69.13	72.23	NZ_CP007787.1	cluster_001_consensus
genomes/GCF_001718895.1.fna	MF6.fna	94.39	72.22	72.06	NZ_CP013450.1	cluster_001_consensus
genomes/GCF_001606135.1.fna	MF6.fna	94.38	64.49	72.21	NZ_CP015036.1	cluster_001_consensus
genomes/GCF_001484665.1.fna	MF6.fna	94.38	68.22	70.77	NZ_CP011917.1	cluster_001_consensus
genomes/GCF_045345775.1.fna	MF6.fna	94.28	78.81	76.92	NZ_CP174276.1	cluster_001_consensus
genomes/GCF_030374675.1.fna	MF6.fna	94.28	76.96	77.40	NZ_CP126320.1	cluster_001_consensus
genomes/GCF_041205585.2.fna	MF6.fna	94.26	72.15	68.29	NZ_CM145221.1	cluster_001_consensus
genomes/GCF_001522585.2.fna	MF6.fna	94.26	77.28	70.16	NZ_CP013373.1	cluster_001_consensus
genomes/GCF_001999885.1.fna	MF6.fna	94.26	73.03	71.50	NZ_CP019674.1	cluster_001_consensus
genomes/GCF_023374335.1.fna	MF6.fna	94.26	72.75	71.38	NZ_CP090676.1	cluster_001_consensus
genomes/GCF_023374855.1.fna	MF6.fna	94.26	73.02	71.65	NZ_CP090763.1	cluster_001_consensus
genomes/GCF_024730645.1.fna	MF6.fna	94.26	74.42	71.99	NZ_CP078070.1	cluster_001_consensus
genomes/GCF_014357995.1.fna	MF6.fna	94.25	70.22	69.71	NZ_CP053300.1	cluster_001_consensus
genomes/GCF_018223765.1.fna	MF6.fna	94.13	69.43	71.72	NZ_CP073673.1	cluster_001_consensus
genomes/GCF_000236215.2.fna	MF6.fna	94.13	73.20	72.42	NZ_HG938370.1	cluster_001_consensus
genomes/GCF_023374835.1.fna	MF6.fna	94.13	73.08	71.71	NZ_CP090760.1	cluster_001_consensus
genomes/GCF_000009485.1.fna	MF6.fna	94.13	68.02	70.27	NC_011000.1	cluster_001_consensus
genomes/GCF_018223805.1.fna	MF6.fna	94.13	71.11	72.12	NZ_CP073674.1	cluster_001_consensus
genomes/GCF_025643575.1.fna	MF6.fna	94.12	68.74	70.27	NZ_CP102475.1	cluster_001_consensus
genomes/GCA_059696275.1.fna	MF6.fna	93.96	65.24	27.01	AP040121.1	cluster_001_consensus
genomes/GCF_984669565.1.fna	MF6.fna	92.61	59.06	64.32	NZ_OZ480231.1	cluster_001_consensus
genomes/GCF_057369595.1.fna	MF6.fna	92.51	60.12	64.37	NZ_CM170668.1	cluster_001_consensus
genomes/GCF_000701165.1.fna	MF6.fna	92.51	59.07	64.24	NZ_CP013730.1	cluster_001_consensus
genomes/GCF_984667665.1.fna	MF6.fna	92.51	59.63	64.29	NZ_OZ480169.1	cluster_001_consensus
genomes/GCF_057439935.1.fna	MF6.fna	92.51	60.12	64.37	NZ_CM172006.1	cluster_001_consensus
genomes/GCF_984668265.1.fna	MF6.fna	92.51	60.96	64.28	NZ_OZ480208.1	cluster_001_consensus
genomes/GCF_024381035.2.fna	MF6.fna	92.51	58.59	64.42	NZ_CP101524.1	cluster_001_consensus
genomes/GCF_984669705.1.fna	MF6.fna	92.42	65.29	68.32	NZ_OZ480242.1	cluster_001_consensus
genomes/GCF_038723655.1.fna	MF6.fna	92.42	58.99	64.14	NZ_CP109821.1	cluster_001_consensus
genomes/GCF_984668395.1.fna	MF6.fna	92.42	59.61	65.39	NZ_OZ480205.1	cluster_001_consensus
genomes/GCF_984667725.1.fna	MF6.fna	92.42	59.64	65.39	NZ_OZ480174.1	cluster_001_consensus
genomes/GCF_984667835.1.fna	MF6.fna	92.34	57.83	64.11	NZ_OZ480193.1	cluster_001_consensus
genomes/GCF_984669415.1.fna	MF6.fna	92.34	58.94	64.09	NZ_OZ480226.1	cluster_001_consensus
genomes/GCF_984667945.1.fna	MF6.fna	92.34	58.94	64.09	NZ_OZ480177.1	cluster_001_consensus
genomes/GCF_984667895.1.fna	MF6.fna	92.25	57.77	63.94	NZ_OZ480182.1	cluster_001_consensus
genomes/GCF_984667955.1.fna	MF6.fna	92.25	66.01	59.78	NZ_OZ480214.1	cluster_001_consensus
genomes/GCF_984669685.1.fna	MF6.fna	92.25	57.77	63.94	NZ_OZ480238.1	cluster_001_consensus
genomes/GCF_984668005.1.fna	MF6.fna	92.25	59.15	64.38	NZ_OZ480190.1	cluster_001_consensus
genomes/GCF_984671675.1.fna	MF6.fna	92.25	65.01	58.92	NZ_OZ480245.1	cluster_001_consensus
genomes/GCF_984669335.1.fna	MF6.fna	92.25	58.90	64.31	NZ_OZ480223.1	cluster_001_consensus
genomes/GCF_040761425.1.fna	MF6.fna	92.25	60.99	66.33	NZ_CP142886.1	cluster_001_consensus
genomes/GCF_984669265.1.fna	MF6.fna	92.21	66.43	65.82	NZ_OZ480217.1	cluster_001_consensus
genomes/GCF_000705535.2.fna	MF6.fna	92.21	64.72	66.58	NZ_CP072520.1	cluster_001_consensus
genomes/GCF_001718535.1.fna	MF6.fna	92.13	68.07	66.77	NZ_CP013398.1	cluster_001_consensus
genomes/GCF_984669325.1.fna	MF6.fna	92.05	65.41	59.15	NZ_OZ480220.1	cluster_001_consensus
genomes/GCF_984668195.1.fna	MF6.fna	92.05	58.45	63.01	NZ_OZ480201.1	cluster_001_consensus
genomes/GCF_984668355.1.fna	MF6.fna	92.05	59.35	62.87	NZ_OZ480198.1	cluster_001_consensus
genomes/GCF_984668525.1.fna	MF6.fna	92.05	65.57	66.96	NZ_OZ480211.1	cluster_001_consensus
genomes/GCF_984667975.1.fna	MF6.fna	91.97	59.13	63.11	NZ_OZ480186.1	cluster_001_consensus
genomes/GCF_984671695.1.fna	MF6.fna	91.90	63.30	60.16	NZ_OZ480247.1	cluster_001_consensus
genomes/GCF_022809715.1.fna	MF6.fna	91.90	64.57	63.71	NZ_CP094459.1	cluster_001_consensus
genomes/GCF_038452255.1.fna	MF6.fna	91.83	59.88	61.76	NZ_CP150849.1	cluster_001_consensus
genomes/GCF_056640905.1.fna	MF6.fna	91.83	55.41	62.48	NZ_CM153254.1	cluster_001_consensus
genomes/GCF_045925845.1.fna	MF6.fna	91.77	60.22	64.55	NZ_CP174521.1	cluster_001_consensus
genomes/GCF_984667675.1.fna	MF6.fna	91.77	60.85	62.66	NZ_OZ480166.1	cluster_001_consensus
genomes/GCF_984669585.1.fna	MF6.fna	91.77	61.99	63.62	NZ_OZ480235.1	cluster_001_consensus
genomes/GCF_059089405.1.fna	MF6.fna	91.77	61.73	63.76	NZ_CM180997.1	cluster_001_consensus
genomes/GCF_003233675.1.fna	MF6.fna	91.71	55.12	63.09	NZ_CP029824.1	cluster_001_consensus
genomes/GCF_054073395.1.fna	MF6.fna	91.71	60.45	63.19	NZ_CM133400.1	cluster_001_consensus
genomes/GCF_056783395.1.fna	MF6.fna	91.71	58.03	62.12	NZ_CM165588.1	cluster_001_consensus
genomes/GCF_054073385.1.fna	MF6.fna	91.71	61.54	63.21	NZ_CM133398.1	cluster_001_consensus
genomes/GCF_037055255.1.fna	MF6.fna	91.71	55.85	62.20	NZ_CP146376.1	cluster_001_consensus
genomes/GCF_047127275.1.fna	MF6.fna	91.65	56.73	63.95	NZ_CP098396.1	cluster_001_consensus
genomes/GCF_001718575.1.fna	MF6.fna	91.65	59.31	63.55	NZ_CP013404.1	cluster_001_consensus
genomes/GCF_025560745.1.fna	MF6.fna	91.65	57.87	61.26	NZ_CP090482.1	cluster_001_consensus
genomes/GCF_054955335.1.fna	MF6.fna	91.65	63.98	57.65	NZ_CM143258.1	cluster_001_consensus
genomes/GCF_024732225.1.fna	MF6.fna	91.65	62.65	61.22	NZ_CP091307.1	cluster_001_consensus
genomes/GCF_049487195.1.fna	MF6.fna	91.65	58.62	61.35	NZ_CP137808.1	cluster_001_consensus
genomes/GCF_018417535.1.fna	MF6.fna	91.65	55.95	61.27	NZ_CP070977.1	cluster_001_consensus
genomes/GCF_022533485.1.fna	MF6.fna	91.60	57.04	63.03	NZ_CP092851.1	cluster_001_consensus
genomes/GCF_029590335.1.fna	MF6.fna	91.60	55.90	63.01	NZ_CP120947.1	cluster_001_consensus
genomes/GCF_023374675.1.fna	MF6.fna	91.60	56.67	61.87	NZ_CP090730.1	cluster_001_consensus
genomes/GCF_002407525.2.fna	MF6.fna	91.60	56.85	62.47	NZ_CP023518.1	cluster_001_consensus
genomes/GCF_053348855.1.fna	MF6.fna	91.60	61.67	61.43	NZ_CM130027.1	cluster_001_consensus
genomes/GCF_002356275.1.fna	MF6.fna	91.60	62.79	62.17	NZ_AP018111.1	cluster_001_consensus
genomes/GCF_023374475.1.fna	MF6.fna	91.60	56.65	61.74	NZ_CP090698.1	cluster_001_consensus
genomes/GCF_050613135.1.fna	MF6.fna	91.60	59.04	62.35	NZ_CP192533.1	cluster_001_consensus
genomes/GCA_024298805.1.fna	MF6.fna	91.60	55.61	62.93	CP101279.1	cluster_001_consensus
genomes/GCF_023374715.1.fna	MF6.fna	91.60	56.78	61.91	NZ_CP090737.1	cluster_001_consensus
genomes/GCF_040215475.1.fna	MF6.fna	91.60	58.36	62.98	NZ_CP157952.1	cluster_001_consensus
genomes/GCF_009191525.1.fna	MF6.fna	91.60	57.18	63.04	NZ_CP028807.1	cluster_001_consensus
genomes/GCF_050632355.1.fna	MF6.fna	91.60	57.11	62.57	NZ_CP192549.1	cluster_001_consensus
genomes/GCF_021484945.1.fna	MF6.fna	91.60	56.66	62.76	NZ_CP090608.1	cluster_001_consensus
genomes/GCF_028462305.2.fna	MF6.fna	91.60	57.89	62.35	NZ_CP159409.1	cluster_001_consensus
genomes/GCF_057005415.2.fna	MF6.fna	91.60	55.77	62.59	NZ_CM174446.1	cluster_001_consensus
genomes/GCF_001718395.1.fna	MF6.fna	91.60	60.25	56.69	NZ_CP013375.1	cluster_001_consensus
genomes/GCF_001028665.1.fna	MF6.fna	91.60	61.26	62.54	NZ_CP011503.1	cluster_001_consensus
genomes/GCF_041070875.1.fna	MF6.fna	91.60	59.78	62.13	NZ_CP163499.1	cluster_001_consensus
genomes/GCF_003546465.1.fna	MF6.fna	91.60	56.80	62.41	NZ_CP007746.1	cluster_001_consensus
genomes/GCF_024600575.1.fna	MF6.fna	91.60	58.03	62.71	NZ_CP102329.1	cluster_001_consensus
genomes/GCF_046773525.1.fna	MF6.fna	91.60	57.75	61.06	NZ_CP177244.1	cluster_001_consensus
genomes/GCF_021344035.2.fna	MF6.fna	91.60	54.19	62.33	NZ_CP158564.1	cluster_001_consensus
genomes/GCF_044057485.1.fna	MF6.fna	91.60	56.54	63.09	NZ_CP172005.1	cluster_001_consensus
genomes/GCF_054558305.1.fna	MF6.fna	91.60	58.54	63.04	NZ_AP045830.1	cluster_001_consensus
genomes/GCF_009755625.1.fna	MF6.fna	91.60	56.79	63.05	NZ_CP046607.1	cluster_001_consensus
genomes/GCF_007724625.1.fna	MF6.fna	91.60	54.65	63.08	NZ_CP042164.1	cluster_001_consensus
genomes/GCF_023053515.1.fna	MF6.fna	91.60	55.74	62.51	NZ_CP095496.1	cluster_001_consensus
genomes/GCF_029962485.1.fna	MF6.fna	91.60	61.96	61.22	NZ_CP073637.1	cluster_001_consensus
genomes/GCF_029633825.1.fna	MF6.fna	91.60	52.02	62.95	NZ_CP090640.1	cluster_001_consensus
genomes/GCF_001411495.1.fna	MF6.fna	91.54	56.64	62.51	NZ_CP012981.1	cluster_001_consensus
genomes/GCF_050632335.1.fna	MF6.fna	91.54	58.98	61.52	NZ_CP192552.1	cluster_001_consensus
genomes/GCF_016899445.1.fna	MF6.fna	91.54	60.49	62.49	NZ_CP041777.1	cluster_001_consensus
genomes/GCF_002209085.2.fna	MF6.fna	91.54	56.84	62.46	NZ_CP022083.2	cluster_001_consensus
genomes/GCF_051355645.1.fna	MF6.fna	91.54	53.81	59.93	NZ_CP195707.1	cluster_001_consensus
genomes/GCF_000012945.1.fna	MF6.fna	91.54	53.89	59.96	NC_007510.1	cluster_001_consensus
genomes/GCF_001029145.1.fna	MF6.fna	91.54	58.22	63.53	NZ_CP009743.1	cluster_001_consensus
genomes/GCF_050632305.1.fna	MF6.fna	91.54	59.02	61.56	NZ_CP192556.1	cluster_001_consensus
genomes/GCF_024661975.1.fna	MF6.fna	91.54	56.43	61.37	NZ_CP102482.1	cluster_001_consensus
genomes/GCF_029633805.1.fna	MF6.fna	91.54	55.03	62.54	NZ_CP090635.1	cluster_001_consensus
genomes/GCF_033675325.1.fna	MF6.fna	91.54	55.63	62.10	NZ_QXCU01000002.1	cluster_001_consensus
genomes/GCF_050632325.1.fna	MF6.fna	91.54	57.26	61.53	NZ_CP192560.1	cluster_001_consensus
genomes/GCF_003704285.1.fna	MF6.fna	91.54	60.95	63.87	NZ_CP013390.1	cluster_001_consensus
genomes/GCF_006094315.1.fna	MF6.fna	91.54	56.79	62.45	NZ_CP034553.1	cluster_001_consensus
genomes/GCF_009586235.1.fna	MF6.fna	91.54	57.96	62.19	NZ_CP045235.1	cluster_001_consensus
genomes/GCF_018223785.1.fna	MF6.fna	91.54	52.98	63.05	NZ_CP073664.1	cluster_001_consensus
genomes/GCF_029633645.1.fna	MF6.fna	91.54	60.85	64.10	NZ_CP090632.1	cluster_001_consensus
genomes/GCF_001718555.1.fna	MF6.fna	91.54	63.84	60.78	NZ_CP013401.1	cluster_001_consensus
genomes/GCF_019915365.1.fna	MF6.fna	91.54	56.80	60.92	NZ_CP082807.1	cluster_001_consensus
genomes/GCF_050632345.1.fna	MF6.fna	91.54	58.99	61.52	NZ_CP192563.1	cluster_001_consensus
genomes/GCF_025643515.1.fna	MF6.fna	91.54	56.51	62.80	NZ_CP102462.1	cluster_001_consensus
genomes/GCF_050632315.1.fna	MF6.fna	91.54	59.04	61.56	NZ_CP192545.1	cluster_001_consensus
genomes/GCF_047902435.1.fna	MF6.fna	91.54	55.36	62.13	NZ_CP138378.1	cluster_001_consensus
genomes/GCF_014854795.1.fna	MF6.fna	91.50	57.68	62.16	NZ_CP032009.1	cluster_001_consensus
genomes/GCF_048565265.1.fna	MF6.fna	91.50	56.17	61.49	NZ_CP183461.1	cluster_001_consensus
genomes/GCF_001742165.1.fna	MF6.fna	91.39	53.89	58.94	NZ_CP016442.1	cluster_001_consensus
genomes/GCF_021899435.1.fna	MF6.fna	91.39	48.06	58.24	NZ_CP091646.1	cluster_001_consensus
genomes/GCF_003711145.1.fna	MF6.fna	91.08	51.51	58.04	NZ_CP024943.1	cluster_001_consensus
genomes/GCF_003330765.1.fna	MF6.fna	91.08	58.50	60.05	NZ_CP024902.1	cluster_001_consensus
genomes/GCF_964265005.1.fna	MF6.fna	91.08	54.81	59.01	NZ_OZ183799.1	cluster_001_consensus
genomes/GCF_964265025.1.fna	MF6.fna	91.08	54.66	59.87	NZ_OZ183802.1	cluster_001_consensus
genomes/GCF_964264995.1.fna	MF6.fna	91.08	54.77	58.97	NZ_OZ183796.1	cluster_001_consensus
genomes/GCF_048627025.1.fna	MF6.fna	91.08	50.79	58.03	NZ_CP184468.1	cluster_001_consensus
genomes/GCF_964265015.1.fna	MF6.fna	91.08	50.37	58.19	NZ_OZ183805.1	cluster_001_consensus
genomes/GCF_964264985.1.fna	MF6.fna	91.03	58.17	58.19	NZ_OZ183792.1	cluster_001_consensus
genomes/GCF_016458785.1.fna	MF6.fna	90.99	65.05	52.57	NZ_CP066762.1	cluster_001_consensus
genomes/GCF_026683875.2.fna	MF6.fna	90.92	61.12	58.65	NZ_CP113275.2	cluster_001_consensus
genomes/GCF_026683855.2.fna	MF6.fna	90.92	61.13	58.67	NZ_CP113278.2	cluster_001_consensus
genomes/GCF_000203915.1.fna	MF6.fna	90.79	60.41	58.32	NC_008390.1	cluster_001_consensus
genomes/GCF_049913365.1.fna	MF6.fna	90.79	59.97	57.43	NZ_CP184381.1	cluster_001_consensus
genomes/GCF_001524645.2.fna	MF6.fna	90.79	59.32	55.15	NZ_CP013427.1	cluster_001_consensus
genomes/GCF_016127755.1.fna	MF6.fna	90.79	61.16	59.01	NZ_CP066037.1	cluster_001_consensus
genomes/GCF_000959545.1.fna	MF6.fna	90.79	61.08	58.97	NZ_CP009798.1	cluster_001_consensus
genomes/GCF_000292915.1.fna	MF6.fna	90.79	59.44	49.30	NC_018513.1	cluster_001_consensus
genomes/GCF_049942845.1.fna	MF6.fna	90.79	59.92	57.52	NZ_CP187967.1	cluster_001_consensus
genomes/GCF_020843905.1.fna	MF6.fna	90.77	59.82	56.94	NZ_CP086291.1	cluster_001_consensus
genomes/GCF_038782865.1.fna	MF6.fna	90.72	59.82	58.10	NZ_CP152370.1	cluster_001_consensus
genomes/GCF_026958255.1.fna	MF6.fna	90.67	60.27	57.22	NZ_CP092843.1	cluster_001_consensus
genomes/GCF_026683835.2.fna	MF6.fna	90.67	60.46	57.27	NZ_CP113272.2	cluster_001_consensus
genomes/GCF_020843985.1.fna	MF6.fna	90.67	60.12	57.77	NZ_CP086304.1	cluster_001_consensus
genomes/GCF_020843925.1.fna	MF6.fna	90.67	59.46	57.99	NZ_CP086297.1	cluster_001_consensus
genomes/GCF_001718835.1.fna	MF6.fna	90.67	46.96	48.20	NZ_CP013443.1	cluster_001_consensus
genomes/GCF_043193125.1.fna	MF6.fna	90.58	59.54	58.21	NZ_CP142981.1	cluster_001_consensus
genomes/GCF_016458805.1.fna	MF6.fna	90.58	60.25	49.88	NZ_CP066769.1	cluster_001_consensus
genomes/GCF_000019925.1.fna	MF6.fna	90.58	58.10	56.95	NC_010551.1	cluster_001_consensus
genomes/GCF_020843965.1.fna	MF6.fna	90.58	57.47	56.90	NZ_CP086301.1	cluster_001_consensus
genomes/GCF_005937855.2.fna	MF6.fna	90.58	60.00	56.80	NZ_CP042177.1	cluster_001_consensus
genomes/GCF_020843945.1.fna	MF6.fna	90.52	57.24	57.23	NZ_CP086294.1	cluster_001_consensus
genomes/GCF_001523915.2.fna	MF6.fna	90.52	57.85	52.89	NZ_CP013384.1	cluster_001_consensus
genomes/GCF_017514945.1.fna	MF6.fna	90.48	49.99	54.22	NZ_CP071825.1	cluster_001_consensus
genomes/GCF_003366075.1.fna	MF6.fna	90.48	51.55	52.91	NZ_CP028962.1	cluster_001_consensus
genomes/GCF_054166185.1.fna	MF6.fna	90.48	56.15	58.16	NZ_CM135122.1	cluster_001_consensus
genomes/GCF_017815595.1.fna	MF6.fna	90.36	63.17	46.09	NZ_CP072601.1	cluster_001_consensus
genomes/GCF_001718335.1.fna	MF6.fna	90.33	58.95	52.18	NZ_CP013366.1	cluster_001_consensus
genomes/GCF_001718795.1.fna	MF6.fna	90.16	58.74	49.82	NZ_CP013435.1	cluster_001_consensus
genomes/GCF_001718315.1.fna	MF6.fna	90.16	59.18	52.05	NZ_CP013362.1	cluster_001_consensus
genomes/GCF_044501195.1.fna	MF6.fna	90.08	48.16	53.24	NZ_CP162532.1	cluster_001_consensus
genomes/GCF_019930785.1.fna	MF6.fna	90.02	56.33	44.76	NZ_CP082882.1	cluster_001_consensus
genomes/GCF_017815615.1.fna	MF6.fna	90.02	59.28	49.91	NZ_CP072604.1	cluster_001_consensus
genomes/GCF_000974835.2.fna	MF6.fna	90.02	55.52	45.71	NZ_CP011301.1	cluster_001_consensus
genomes/GCF_003813045.1.fna	MF6.fna	89.97	55.97	46.00	NZ_CP033838.1	cluster_001_consensus
genomes/GCF_000764955.1.fna	MF6.fna	89.96	59.15	50.16	NZ_CP007781.1	cluster_001_consensus
genomes/GCF_020736245.1.fna	MF6.fna	89.94	55.56	45.68	NZ_CP085967.1	cluster_001_consensus
genomes/GCF_030848725.1.fna	MF6.fna	89.91	55.50	46.31	NZ_CP132922.1	cluster_001_consensus
genomes/GCF_016889205.1.fna	MF6.fna	89.85	55.59	45.69	NZ_CP069482.1	cluster_001_consensus
genomes/GCF_000959505.1.fna	MF6.fna	89.83	55.40	45.53	NZ_CP009795.1	cluster_001_consensus
genomes/GCF_053153985.1.fna	MF6.fna	89.77	48.13	43.74	NZ_CP195304.1	cluster_001_consensus
genomes/GCF_000959445.1.fna	MF6.fna	89.75	50.03	44.46	NZ_CP009631.1	cluster_001_consensus
genomes/GCF_003019945.1.fna	MF6.fna	89.72	50.22	44.63	NZ_CP020394.1	cluster_001_consensus
genomes/GCF_001718415.1.fna	MF6.fna	89.71	48.78	49.77	NZ_CP013378.1	cluster_001_consensus
genomes/GCF_000262695.1.fna	MF6.fna	89.70	51.68	43.94	NC_017920.1	cluster_001_consensus
genomes/GCF_013822785.1.fna	MF6.fna	89.66	48.36	44.08	NZ_CP053609.1	cluster_001_consensus
genomes/GCF_001718915.1.fna	MF6.fna	89.64	50.07	44.25	NZ_CP013453.1	cluster_001_consensus
genomes/GCF_030078435.1.fna	MF6.fna	89.62	50.93	44.02	NZ_CP120730.1	cluster_001_consensus
genomes/GCF_020099355.1.fna	MF6.fna	89.62	49.79	44.25	NZ_CP083654.1	cluster_001_consensus
genomes/GCF_022213445.1.fna	MF6.fna	89.60	48.89	44.01	NZ_CP091983.1	cluster_001_consensus
genomes/GCF_001718495.1.fna	MF6.fna	89.59	50.03	43.72	NZ_CP013393.1	cluster_001_consensus
genomes/GCF_000755725.1.fna	MF6.fna	89.55	46.98	48.47	NZ_CP007783.1	cluster_001_consensus
genomes/GCF_023373725.1.fna	MF6.fna	89.54	51.81	43.89	NZ_CP090786.1	cluster_001_consensus
genomes/GCF_001718775.1.fna	MF6.fna	89.53	49.57	43.45	NZ_CP013433.1	cluster_001_consensus
genomes/GCF_001718815.1.fna	MF6.fna	89.44	51.22	44.43	NZ_CP013439.1	cluster_001_consensus
genomes/GCF_017165515.1.fna	MF6.fna	89.16	50.36	41.96	NZ_CP048454.1	cluster_001_consensus
genomes/GCF_023374395.1.fna	MF6.fna	89.16	52.09	41.89	NZ_CP090687.1	cluster_001_consensus
genomes/GCF_003019965.1.fna	MF6.fna	89.15	51.15	41.47	NZ_CP020397.1	cluster_001_consensus
genomes/GCF_023374495.1.fna	MF6.fna	89.15	50.18	40.39	NZ_CP090701.1	cluster_001_consensus
genomes/GCF_023374655.1.fna	MF6.fna	89.14	51.19	40.95	NZ_CP090728.1	cluster_001_consensus
genomes/GCF_023374435.1.fna	MF6.fna	89.14	48.82	42.17	NZ_CP090692.1	cluster_001_consensus
genomes/GCF_000959525.1.fna	MF6.fna	89.11	50.95	41.31	NZ_CP009832.1	cluster_001_consensus
genomes/GCF_017165495.1.fna	MF6.fna	89.11	50.18	41.80	NZ_CP048451.1	cluster_001_consensus
genomes/GCF_017165195.1.fna	MF6.fna	89.10	50.63	42.19	NZ_CP048445.1	cluster_001_consensus
genomes/GCF_017165175.1.fna	MF6.fna	89.10	48.67	41.85	NZ_CP048441.1	cluster_001_consensus
genomes/GCF_017165475.1.fna	MF6.fna	89.09	50.34	41.94	NZ_CP048448.1	cluster_001_consensus
genomes/GCF_023374375.1.fna	MF6.fna	89.09	49.33	42.73	NZ_CP090682.1	cluster_001_consensus
genomes/GCF_023374455.1.fna	MF6.fna	89.08	51.51	41.30	NZ_CP090695.1	cluster_001_consensus
genomes/GCF_023374755.1.fna	MF6.fna	89.08	51.12	41.36	NZ_CP090746.1	cluster_001_consensus
genomes/GCF_023373685.1.fna	MF6.fna	89.08	51.21	41.43	NZ_CP090782.1	cluster_001_consensus
genomes/GCF_023374895.1.fna	MF6.fna	89.07	52.02	41.74	NZ_CP090770.1	cluster_001_consensus
genomes/GCF_023374355.1.fna	MF6.fna	89.07	50.25	41.14	NZ_CP090680.1	cluster_001_consensus
genomes/GCF_023374635.1.fna	MF6.fna	89.05	51.16	41.66	NZ_CP090724.1	cluster_001_consensus
genomes/GCF_009730175.1.fna	MF6.fna	89.05	50.27	42.03	NZ_CP046341.1	cluster_001_consensus
genomes/GCF_017165535.1.fna	MF6.fna	89.05	50.47	42.06	NZ_CP048457.1	cluster_001_consensus
genomes/GCF_017165555.1.fna	MF6.fna	89.04	49.84	41.99	NZ_CP048460.1	cluster_001_consensus
genomes/GCF_023374575.1.fna	MF6.fna	89.04	48.71	41.35	NZ_CP090714.1	cluster_001_consensus
genomes/GCF_023374315.1.fna	MF6.fna	89.03	51.52	41.39	NZ_CP090673.1	cluster_001_consensus
genomes/GCF_023373665.1.fna	MF6.fna	89.03	51.86	41.96	NZ_CP090779.1	cluster_001_consensus
genomes/GCF_001718695.1.fna	MF6.fna	89.03	48.51	41.59	NZ_CP013420.1	cluster_001_consensus
genomes/GCF_025643495.1.fna	MF6.fna	89.02	50.27	41.62	NZ_CP102458.1	cluster_001_consensus
genomes/GCF_003812365.1.fna	MF6.fna	89.02	50.63	41.52	NZ_CP033748.1	cluster_001_consensus
genomes/GCF_003812585.1.fna	MF6.fna	89.02	49.51	42.25	NZ_CP033745.1	cluster_001_consensus
genomes/GCF_001718995.1.fna	MF6.fna	89.01	46.99	41.25	NZ_CP013467.1	cluster_001_consensus
genomes/GCF_036362805.1.fna	MF6.fna	89.01	51.74	41.23	NZ_CP143589.1	cluster_001_consensus
genomes/GCF_023374815.1.fna	MF6.fna	89.00	50.94	41.49	NZ_CP090757.1	cluster_001_consensus
genomes/GCF_023374795.1.fna	MF6.fna	89.00	50.55	41.30	NZ_CP090753.1	cluster_001_consensus
genomes/GCF_023374735.1.fna	MF6.fna	89.00	50.54	41.44	NZ_CP090740.1	cluster_001_consensus
genomes/GCF_023374615.1.fna	MF6.fna	88.99	51.60	41.38	NZ_CP090721.1	cluster_001_consensus
genomes/GCF_008693485.1.fna	MF6.fna	88.99	49.72	41.31	NZ_CP044053.1	cluster_001_consensus
genomes/GCF_008693525.1.fna	MF6.fna	88.97	50.33	41.81	NZ_CP044056.1	cluster_001_consensus
genomes/GCF_023374595.1.fna	MF6.fna	88.96	49.43	42.80	NZ_CP090718.1	cluster_001_consensus
genomes/GCF_036352035.1.fna	MF6.fna	88.94	49.18	42.21	NZ_CP143552.1	cluster_001_consensus
genomes/GCF_023374695.1.fna	MF6.fna	88.94	51.42	41.98	NZ_CP090733.1	cluster_001_consensus
genomes/GCF_009730035.1.fna	MF6.fna	88.93	50.46	42.48	NZ_CP046336.1	cluster_001_consensus
genomes/GCF_023373645.1.fna	MF6.fna	88.93	50.00	41.29	NZ_CP090774.1	cluster_001_consensus
genomes/GCF_023374515.1.fna	MF6.fna	88.93	51.11	41.96	NZ_CP090703.1	cluster_001_consensus
genomes/GCF_023374535.1.fna	MF6.fna	88.92	50.64	41.43	NZ_CP090707.1	cluster_001_consensus
genomes/GCF_025643555.1.fna	MF6.fna	88.90	51.04	41.29	NZ_CP102472.1	cluster_001_consensus
genomes/GCF_001718755.1.fna	MF6.fna	88.89	49.22	41.79	NZ_CP013430.1	cluster_001_consensus
genomes/GCF_000018505.1.fna	MF6.fna	88.89	45.84	41.20	NC_010084.1	cluster_001_consensus
genomes/GCF_000010545.1.fna	MF6.fna	88.89	46.20	41.52	NC_010804.1	cluster_001_consensus
genomes/GCF_000016205.1.fna	MF6.fna	88.87	41.18	44.31	NC_009256.1	cluster_001_consensus
genomes/GCF_023374775.1.fna	MF6.fna	88.86	49.21	41.23	NZ_CP090747.1	cluster_001_consensus
genomes/GCF_009730195.1.fna	MF6.fna	88.86	49.38	41.73	NZ_CP046344.1	cluster_001_consensus
genomes/GCF_023373625.1.fna	MF6.fna	88.86	49.78	41.11	NZ_CP090771.1	cluster_001_consensus
genomes/GCF_000756005.1.fna	MF6.fna	88.76	45.30	42.30	NZ_CP008730.1	cluster_001_consensus
genomes/GCF_023374415.1.fna	MF6.fna	88.73	49.28	42.67	NZ_CP090689.1	cluster_001_consensus
genomes/GCF_023374875.1.fna	MF6.fna	88.61	49.40	42.77	NZ_CP090766.1	cluster_001_consensus
genomes/GCF_029910195.1.fna	MF6.fna	88.61	33.92	39.37	NZ_CP110391.1	cluster_001_consensus
genomes/GCF_039848545.1.fna	MF6.fna	88.55	41.02	40.54	NZ_CP156685.1	cluster_001_consensus
genomes/GCF_001718655.1.fna	MF6.fna	88.53	41.22	38.25	NZ_CP013414.1	cluster_001_consensus
genomes/GCF_001718955.1.fna	MF6.fna	88.48	41.41	40.27	NZ_CP013459.1	cluster_001_consensus
genomes/GCF_000959245.1.fna	MF6.fna	88.44	41.03	37.82	NZ_CP009488.1	cluster_001_consensus
genomes/GCF_001718855.1.fna	MF6.fna	88.18	37.92	39.04	NZ_CP013446.1	cluster_001_consensus
genomes/GCF_001718975.1.fna	MF6.fna	88.18	41.03	39.27	NZ_CP013463.1	cluster_001_consensus
genomes/GCF_050813845.1.fna	MF6.fna	88.16	36.62	39.41	NZ_CP172421.1	cluster_001_consensus
genomes/GCF_003812965.1.fna	MF6.fna	88.16	39.24	39.24	NZ_CP033856.1	cluster_001_consensus
genomes/GCF_002097715.1.fna	MF6.fna	88.15	38.77	38.98	NZ_CP020737.1	cluster_001_consensus
genomes/GCF_001718355.1.fna	MF6.fna	88.13	38.86	39.67	NZ_CP013370.1	cluster_001_consensus
genomes/GCA_965217245.1.fna	MF6.fna	86.97	33.03	23.21	OZ244258.1	cluster_001_consensus
genomes/GCA_965217235.1.fna	MF6.fna	86.86	31.14	22.68	OZ244256.1	cluster_001_consensus
genomes/GCF_002386205.1.fna	MF6.fna	85.43	21.65	18.69	NZ_CP023499.1	cluster_001_consensus
genomes/GCF_003020185.1.fna	MF6.fna	85.28	19.22	16.68	NZ_CP020392.1	cluster_001_consensus
genomes/GCF_000385525.1.fna	MF6.fna	85.18	21.09	18.20	NC_021173.1	cluster_001_consensus
genomes/GCF_001522105.2.fna	MF6.fna	85.16	18.88	17.72	NZ_CP013357.1	cluster_001_consensus
genomes/GCF_000959325.1.fna	MF6.fna	85.15	20.38	19.04	NZ_CP009549.1	cluster_001_consensus
genomes/GCF_033675305.1.fna	MF6.fna	85.13	18.90	16.58	NZ_QXCT01000001.1	cluster_001_consensus
genomes/GCF_000755985.1.fna	MF6.fna	85.13	19.37	18.16	NZ_CP008726.1	cluster_001_consensus
genomes/GCF_001513745.1.fna	MF6.fna	85.12	20.22	18.90	NZ_CP013380.1	cluster_001_consensus
genomes/GCF_000959365.1.fna	MF6.fna	85.12	20.33	18.60	NZ_CP009555.1	cluster_001_consensus
genomes/GCF_000567905.1.fna	MF6.fna	85.11	19.34	16.79	NZ_CP004089.1	cluster_001_consensus
genomes/GCF_000959165.1.fna	MF6.fna	85.10	19.72	14.52	NZ_CP009337.1	cluster_001_consensus
genomes/GCF_000808035.2.fna	MF6.fna	85.09	19.49	16.82	NZ_CP008914.2	cluster_001_consensus
genomes/GCF_016027455.1.fna	MF6.fna	85.08	20.15	18.82	NZ_CP065686.1	cluster_001_consensus
genomes/GCF_000015605.1.fna	MF6.fna	85.06	19.66	14.48	NC_008836.1	cluster_001_consensus
genomes/GCF_033675275.1.fna	MF6.fna	85.03	18.85	16.96	NZ_QXCS01000001.1	cluster_001_consensus
genomes/GCF_001718615.1.fna	MF6.fna	85.03	19.01	16.50	NZ_CP013409.1	cluster_001_consensus
genomes/GCF_000959425.1.fna	MF6.fna	85.00	19.02	16.40	NZ_CP009601.1	cluster_001_consensus
genomes/GCF_000959485.1.fna	MF6.fna	84.99	20.15	13.98	NZ_CP009707.1	cluster_001_consensus
genomes/GCF_001718635.1.fna	MF6.fna	84.99	19.07	17.00	NZ_CP013411.1	cluster_001_consensus
genomes/GCF_000567945.1.fna	MF6.fna	84.98	19.17	16.35	NZ_CP004117.1	cluster_001_consensus
genomes/GCF_016027435.1.fna	MF6.fna	84.96	19.18	18.00	NZ_CP065683.1	cluster_001_consensus
genomes/GCF_000567925.1.fna	MF6.fna	84.96	19.47	16.42	NZ_CP004097.1	cluster_001_consensus
genomes/GCF_033956065.1.fna	MF6.fna	84.96	19.19	14.36	NZ_CP124608.1	cluster_001_consensus
genomes/GCF_003568605.1.fna	MF6.fna	84.93	19.35	16.68	NZ_CP008785.1	cluster_001_consensus
genomes/GCF_003614835.1.fna	MF6.fna	84.93	19.67	16.78	NZ_CP022217.1	cluster_001_consensus
genomes/GCF_000765375.1.fna	MF6.fna	84.92	19.26	16.49	NZ_CP004381.1	cluster_001_consensus
genomes/GCF_001729545.1.fna	MF6.fna	84.92	19.13	14.18	NZ_CP017175.1	cluster_001_consensus
genomes/GCF_000706745.1.fna	MF6.fna	84.91	19.11	16.38	NZ_CP004383.1	cluster_001_consensus
genomes/GCF_001718295.1.fna	MF6.fna	84.91	19.64	16.95	NZ_CP013360.1	cluster_001_consensus
genomes/GCF_003020025.1.fna	MF6.fna	84.90	19.08	16.32	NZ_CP020390.1	cluster_001_consensus
genomes/GCF_052854005.1.fna	MF6.fna	84.90	17.08	15.99	NZ_CP193432.1	cluster_001_consensus
genomes/GCF_033870375.1.fna	MF6.fna	84.90	19.95	14.72	NZ_CP124603.1	cluster_001_consensus
genomes/GCF_001522135.2.fna	MF6.fna	84.90	20.30	18.58	NZ_CP013358.1	cluster_001_consensus
genomes/GCF_002345985.1.fna	MF6.fna	84.89	19.63	14.07	NZ_CP009725.1	cluster_001_consensus
genomes/GCF_052858755.1.fna	MF6.fna	84.89	17.25	15.94	NZ_CP193471.1	cluster_001_consensus
genomes/GCF_001718595.1.fna	MF6.fna	84.89	19.33	16.71	NZ_CP013407.1	cluster_001_consensus
genomes/GCF_000959185.1.fna	MF6.fna	84.88	17.22	15.75	NZ_CP009474.1	cluster_001_consensus
genomes/GCF_011578485.1.fna	MF6.fna	84.88	19.28	16.32	NZ_CP050020.1	cluster_001_consensus
genomes/GCF_000755865.1.fna	MF6.fna	84.88	19.41	14.00	NZ_CP008704.1	cluster_001_consensus
genomes/GCF_001524625.2.fna	MF6.fna	84.88	18.46	16.76	NZ_CP013424.1	cluster_001_consensus
genomes/GCF_055810255.1.fna	MF6.fna	84.88	19.34	16.23	NZ_CM147944.1	cluster_001_consensus
genomes/GCF_965199445.1.fna	MF6.fna	84.87	16.93	15.64	NZ_OZ241178.1	cluster_001_consensus
genomes/GCF_003614815.1.fna	MF6.fna	84.87	18.98	16.27	NZ_CP022214.1	cluster_001_consensus
genomes/GCF_000755885.1.fna	MF6.fna	84.86	19.44	14.03	NZ_CP008723.1	cluster_001_consensus
genomes/GCF_000012365.1.fna	MF6.fna	84.86	19.46	16.78	NC_007651.1	cluster_001_consensus
genomes/GCF_016774495.1.fna	MF6.fna	84.85	18.23	16.27	NZ_CP068709.1	cluster_001_consensus
genomes/GCF_002346165.1.fna	MF6.fna	84.84	19.79	14.45	NZ_CP009739.1	cluster_001_consensus
genomes/GCF_002346025.1.fna	MF6.fna	84.83	19.71	14.14	NZ_CP009727.1	cluster_001_consensus
genomes/GCF_026315045.1.fna	MF6.fna	84.83	17.29	15.58	NZ_CP111140.1	cluster_001_consensus
genomes/GCF_000755845.1.fna	MF6.fna	84.82	19.64	14.22	NZ_CP008711.1	cluster_001_consensus
genomes/GCF_000511895.1.fna	MF6.fna	84.82	16.72	15.85	NZ_CP004001.1	cluster_001_consensus
genomes/GCF_000959605.1.fna	MF6.fna	84.82	18.42	16.82	NZ_CP010017.1	cluster_001_consensus
genomes/GCF_002111205.1.fna	MF6.fna	84.81	16.89	15.75	NZ_CP018399.1	cluster_001_consensus
genomes/GCA_965199415.1.fna	MF6.fna	84.81	16.99	15.94	OZ241172.1	cluster_001_consensus
genomes/GCF_048688115.1.fna	MF6.fna	84.81	19.26	16.76	NZ_CP166681.1	cluster_001_consensus
genomes/GCF_001975065.1.fna	MF6.fna	84.80	17.19	15.97	NZ_CP017044.1	cluster_001_consensus
genomes/GCF_004323015.1.fna	MF6.fna	84.80	17.47	15.60	NZ_CP036452.1	cluster_001_consensus
genomes/GCF_026315025.1.fna	MF6.fna	84.79	17.40	15.68	NZ_CP111138.1	cluster_001_consensus
genomes/GCF_980300355.1.fna	MF6.fna	84.79	17.48	15.94	NZ_OZ412839.1	cluster_001_consensus
genomes/GCF_001524445.2.fna	MF6.fna	84.78	17.33	16.50	NZ_CP013417.1	cluster_001_consensus
genomes/GCF_000015465.1.fna	MF6.fna	84.78	20.66	13.87	NC_008785.1	cluster_001_consensus
genomes/GCF_000015625.1.fna	MF6.fna	84.78	19.20	14.40	NC_009080.1	cluster_001_consensus
genomes/GCF_000762285.1.fna	MF6.fna	84.78	18.99	14.20	NZ_CP007802.1	cluster_001_consensus
genomes/GCF_002111365.1.fna	MF6.fna	84.77	16.37	15.50	NZ_CP018383.1	cluster_001_consensus
genomes/GCF_000959205.1.fna	MF6.fna	84.77	16.45	15.52	NZ_CP009485.1	cluster_001_consensus
genomes/GCF_008728315.1.fna	MF6.fna	84.77	17.49	15.91	NZ_CP038220.1	cluster_001_consensus
genomes/GCF_052854895.1.fna	MF6.fna	84.77	17.55	15.92	NZ_CP193448.1	cluster_001_consensus
genomes/GCF_009749345.1.fna	MF6.fna	84.76	16.86	15.71	NZ_CP046584.1	cluster_001_consensus
genomes/GCF_000764575.1.fna	MF6.fna	84.76	17.09	15.79	NZ_CP004377.1	cluster_001_consensus
genomes/GCF_002346205.1.fna	MF6.fna	84.76	19.48	14.33	NZ_CP009931.1	cluster_001_consensus
genomes/GCF_028657905.1.fna	MF6.fna	84.76	17.58	17.43	NZ_CP117782.1	cluster_001_consensus
genomes/GCF_051560065.1.fna	MF6.fna	84.76	17.31	16.04	NZ_CM121435.1	cluster_001_consensus
genomes/GCF_002111045.1.fna	MF6.fna	84.75	16.24	15.25	NZ_CP018410.1	cluster_001_consensus
genomes/GCF_026315005.1.fna	MF6.fna	84.75	17.36	15.67	NZ_CP111136.1	cluster_001_consensus
genomes/GCF_000756165.1.fna	MF6.fna	84.74	17.34	15.62	NZ_CP008780.1	cluster_001_consensus
genomes/GCF_035621555.1.fna	MF6.fna	84.74	18.61	16.41	NZ_CP141809.1	cluster_001_consensus
genomes/GCF_028201395.1.fna	MF6.fna	84.74	17.35	15.57	NZ_CP116403.1	cluster_001_consensus
genomes/GCF_000770495.1.fna	MF6.fna	84.73	16.51	15.54	NZ_CP009161.1	cluster_001_consensus
genomes/GCF_000011545.1.fna	MF6.fna	84.73	16.74	15.55	NC_006350.1	cluster_001_consensus
genomes/GCF_965199625.1.fna	MF6.fna	84.73	16.87	15.59	NZ_OZ241209.1	cluster_001_consensus
genomes/GCF_000756185.1.fna	MF6.fna	84.73	17.05	15.89	NZ_CP008777.1	cluster_001_consensus
genomes/GCF_001523745.2.fna	MF6.fna	84.73	18.88	15.95	NZ_CP013386.1	cluster_001_consensus
genomes/GCF_003606245.1.fna	MF6.fna	84.73	16.50	15.43	NZ_CP023775.1	cluster_001_consensus
genomes/GCF_002346065.1.fna	MF6.fna	84.73	19.89	14.45	NZ_CP009729.1	cluster_001_consensus
genomes/GCF_001522635.2.fna	MF6.fna	84.72	16.82	15.87	NZ_CP013389.1	cluster_001_consensus
genomes/GCF_002346045.1.fna	MF6.fna	84.72	19.28	14.43	NZ_CP009929.1	cluster_001_consensus
genomes/GCA_055387565.1.fna	MF6.fna	84.72	17.54	15.66	AP040305.1	cluster_001_consensus
genomes/GCF_000770515.1.fna	MF6.fna	84.72	16.80	15.72	NZ_CP009162.1	cluster_001_consensus
genomes/GCF_033870355.1.fna	MF6.fna	84.71	19.01	14.20	NZ_CP124605.1	cluster_001_consensus
genomes/GCF_030297315.1.fna	MF6.fna	84.71	17.03	15.52	NZ_AP028083.1	cluster_001_consensus
genomes/GCF_030297355.1.fna	MF6.fna	84.71	17.13	15.60	NZ_AP028088.1	cluster_001_consensus
genomes/GCF_003798245.1.fna	MF6.fna	84.71	16.73	15.56	NZ_CP033703.1	cluster_001_consensus
genomes/GCF_980300905.1.fna	MF6.fna	84.71	17.15	15.95	NZ_OZ412841.1	cluster_001_consensus
genomes/GCF_001695715.1.fna	MF6.fna	84.71	16.72	15.69	NZ_CP016638.1	cluster_001_consensus
genomes/GCF_055387925.1.fna	MF6.fna	84.71	19.30	14.54	NZ_AP040281.1	cluster_001_consensus
genomes/GCF_002111085.1.fna	MF6.fna	84.71	16.50	15.62	NZ_CP018373.1	cluster_001_consensus
genomes/GCF_018228585.1.fna	MF6.fna	84.70	17.34	15.88	NZ_CP073731.1	cluster_001_consensus
genomes/GCF_980295165.1.fna	MF6.fna	84.70	17.37	15.99	NZ_OZ412830.1	cluster_001_consensus
genomes/GCF_001277895.1.fna	MF6.fna	84.70	16.52	15.39	NZ_CP012517.1	cluster_001_consensus
genomes/GCF_052857935.1.fna	MF6.fna	84.70	17.68	16.23	NZ_CP193466.1	cluster_001_consensus
genomes/GCF_001277875.1.fna	MF6.fna	84.70	16.51	15.39	NZ_CP012515.1	cluster_001_consensus
genomes/GCF_965199385.1.fna	MF6.fna	84.70	17.24	15.94	NZ_OZ241166.1	cluster_001_consensus
genomes/GCF_030297255.1.fna	MF6.fna	84.69	17.13	15.56	NZ_AP028077.1	cluster_001_consensus
genomes/GCF_001318245.1.fna	MF6.fna	84.69	16.58	15.44	NZ_CP012041.1	cluster_001_consensus
genomes/GCF_965199515.1.fna	MF6.fna	84.69	17.08	15.79	NZ_OZ241213.1	cluster_001_consensus
genomes/GCF_965211595.1.fna	MF6.fna	84.69	17.47	16.10	NZ_OZ242944.1	cluster_001_consensus
genomes/GCF_017378275.1.fna	MF6.fna	84.69	17.06	15.90	NZ_CP071757.1	cluster_001_consensus
genomes/GCF_000755765.1.fna	MF6.fna	84.69	15.83	15.11	NZ_CP009209.1	cluster_001_consensus
genomes/GCF_008728355.1.fna	MF6.fna	84.68	17.34	15.79	NZ_CP038224.1	cluster_001_consensus
genomes/GCF_030297195.1.fna	MF6.fna	84.68	17.14	15.61	NZ_AP028071.1	cluster_001_consensus
genomes/GCF_000011705.1.fna	MF6.fna	84.68	19.45	14.56	NC_006348.1	cluster_001_consensus
genomes/GCF_052855605.1.fna	MF6.fna	84.68	17.44	16.07	NZ_CP193453.1	cluster_001_consensus
genomes/GCF_004842085.1.fna	MF6.fna	84.67	17.38	15.97	NZ_CP038805.1	cluster_001_consensus
genomes/GCF_000756145.1.fna	MF6.fna	84.67	17.66	16.05	NZ_CP008758.1	cluster_001_consensus
genomes/GCF_052854305.1.fna	MF6.fna	84.67	16.87	15.87	NZ_CP193438.1	cluster_001_consensus
genomes/GCF_008728375.1.fna	MF6.fna	84.67	17.16	15.72	NZ_CP038226.1	cluster_001_consensus
genomes/GCF_000770395.1.fna	MF6.fna	84.67	17.05	15.80	NZ_CP009235.1	cluster_001_consensus
genomes/GCF_000770565.1.fna	MF6.fna	84.66	15.46	15.49	NZ_CP009157.1	cluster_001_consensus
genomes/GCF_033870395.1.fna	MF6.fna	84.66	19.37	14.46	NZ_CP124604.1	cluster_001_consensus
genomes/GCF_052857015.1.fna	MF6.fna	84.66	17.52	15.89	NZ_CP193462.1	cluster_001_consensus
genomes/GCF_030297235.1.fna	MF6.fna	84.66	17.12	15.91	NZ_AP028075.1	cluster_001_consensus
genomes/GCF_965201125.1.fna	MF6.fna	84.66	16.73	15.99	NZ_OZ241753.1	cluster_001_consensus
genomes/GCF_052858685.1.fna	MF6.fna	84.66	17.03	15.89	NZ_CP193470.1	cluster_001_consensus
genomes/GCF_052854015.1.fna	MF6.fna	84.66	17.08	16.07	NZ_CP193435.1	cluster_001_consensus
genomes/GCF_965211575.1.fna	MF6.fna	84.66	17.20	15.90	NZ_OZ242940.1	cluster_001_consensus
genomes/GCF_004323035.1.fna	MF6.fna	84.65	17.72	15.83	NZ_CP036454.1	cluster_001_consensus
genomes/GCF_002111245.1.fna	MF6.fna	84.65	16.79	15.78	NZ_CP018402.1	cluster_001_consensus
genomes/GCF_000755965.1.fna	MF6.fna	84.65	17.02	15.92	NZ_CP008909.1	cluster_001_consensus
genomes/GCF_008728335.1.fna	MF6.fna	84.65	16.79	15.29	NZ_CP038222.1	cluster_001_consensus
genomes/GCF_002111105.1.fna	MF6.fna	84.65	16.79	15.58	NZ_CP018418.1	cluster_001_consensus
genomes/GCF_000959405.1.fna	MF6.fna	84.65	19.23	14.58	NZ_CP009587.1	cluster_001_consensus
genomes/GCF_018228385.1.fna	MF6.fna	84.65	17.09	15.60	NZ_CP073728.1	cluster_001_consensus
genomes/GCF_005853645.1.fna	MF6.fna	84.65	16.89	15.55	NZ_CP040531.1	cluster_001_consensus
genomes/GCF_018228605.1.fna	MF6.fna	84.65	17.31	15.84	NZ_CP073737.1	cluster_001_consensus
genomes/GCF_002111325.1.fna	MF6.fna	84.65	16.81	15.60	NZ_CP018369.1	cluster_001_consensus
genomes/GCF_001532025.2.fna	MF6.fna	84.64	18.46	16.37	NZ_CP013457.1	cluster_001_consensus
genomes/GCF_051560105.1.fna	MF6.fna	84.64	16.77	15.77	NZ_CM121439.1	cluster_001_consensus
genomes/GCF_965199405.1.fna	MF6.fna	84.64	17.41	16.10	NZ_OZ241170.1	cluster_001_consensus
genomes/GCF_018228525.1.fna	MF6.fna	84.64	17.28	15.85	NZ_CP073725.1	cluster_001_consensus
genomes/GCF_965199435.1.fna	MF6.fna	84.64	17.41	16.10	NZ_OZ241176.1	cluster_001_consensus
genomes/GCF_055397665.1.fna	MF6.fna	84.64	19.35	14.34	NZ_AP029029.1	cluster_001_consensus
genomes/GCF_001975105.1.fna	MF6.fna	84.64	17.04	15.99	NZ_CP017048.1	cluster_001_consensus
genomes/GCF_000520895.1.fna	MF6.fna	84.64	16.69	15.66	NZ_CP004023.1	cluster_001_consensus
genomes/GCF_980300965.1.fna	MF6.fna	84.64	16.75	15.84	NZ_OZ412845.1	cluster_001_consensus
genomes/GCF_000494855.1.fna	MF6.fna	84.64	16.53	15.55	NC_022659.1	cluster_001_consensus
genomes/GCF_000756125.1.fna	MF6.fna	84.64	17.76	16.14	NZ_CP008781.1	cluster_001_consensus
genomes/GCF_001277975.1.fna	MF6.fna	84.63	17.16	15.81	NZ_CP012576.1	cluster_001_consensus
genomes/GCF_001695735.1.fna	MF6.fna	84.63	16.81	15.76	NZ_CP016636.1	cluster_001_consensus
genomes/GCF_002346105.1.fna	MF6.fna	84.63	19.62	14.34	NZ_CP009733.1	cluster_001_consensus
genomes/GCF_000755785.1.fna	MF6.fna	84.63	19.32	14.46	NZ_CP009148.1	cluster_001_consensus
genomes/GCF_030297335.1.fna	MF6.fna	84.63	16.67	15.55	NZ_AP028086.1	cluster_001_consensus
genomes/GCF_000959285.1.fna	MF6.fna	84.62	16.91	15.72	NZ_CP009538.1	cluster_001_consensus
genomes/GCF_000015905.1.fna	MF6.fna	84.62	17.56	15.85	NC_009074.1	cluster_001_consensus
genomes/GCF_000959465.1.fna	MF6.fna	84.62	20.14	14.69	NZ_CP009642.1	cluster_001_consensus
genomes/GCF_051560085.1.fna	MF6.fna	84.62	17.15	15.80	NZ_CM121437.1	cluster_001_consensus
genomes/GCF_000954175.1.fna	MF6.fna	84.62	17.24	15.58	NZ_CP010973.1	cluster_001_consensus
genomes/GCF_965199395.1.fna	MF6.fna	84.62	17.10	15.85	NZ_OZ241168.1	cluster_001_consensus
genomes/GCF_965199455.1.fna	MF6.fna	84.62	17.51	16.19	NZ_OZ241180.1	cluster_001_consensus
genomes/GCF_000764595.1.fna	MF6.fna	84.61	18.99	16.41	NZ_CP004385.1	cluster_001_consensus
genomes/GCF_965199545.1.fna	MF6.fna	84.61	17.09	15.74	NZ_OZ241211.1	cluster_001_consensus
genomes/GCF_017378355.1.fna	MF6.fna	84.61	16.49	15.27	NZ_CP071759.1	cluster_001_consensus
genomes/GCF_980300945.1.fna	MF6.fna	84.61	17.28	16.07	NZ_OZ412843.1	cluster_001_consensus
genomes/GCF_002860065.1.fna	MF6.fna	84.61	16.93	15.68	NZ_CP019042.1	cluster_001_consensus
genomes/GCF_008728275.1.fna	MF6.fna	84.61	17.08	15.51	NZ_CP038216.1	cluster_001_consensus
genomes/GCA_980298765.1.fna	MF6.fna	84.61	16.69	14.99	OZ412837.1	cluster_001_consensus
genomes/GCF_052856205.1.fna	MF6.fna	84.61	17.44	15.71	NZ_CP193459.1	cluster_001_consensus
genomes/GCF_004348055.1.fna	MF6.fna	84.61	17.51	15.63	NZ_CP037758.1	cluster_001_consensus
genomes/GCF_038983225.1.fna	MF6.fna	84.60	17.40	15.99	NZ_JAQIYP010000001.1	cluster_001_consensus
genomes/GCF_017378235.1.fna	MF6.fna	84.60	16.42	15.52	NZ_CP071751.1	cluster_001_consensus
genomes/GCF_965199835.1.fna	MF6.fna	84.60	16.59	15.77	NZ_OZ241393.1	cluster_001_consensus
genomes/GCF_038983115.1.fna	MF6.fna	84.60	17.20	15.80	NZ_JAQIYQ010000001.1	cluster_001_consensus
genomes/GCF_902141835.1.fna	MF6.fna	84.60	16.95	15.63	NZ_LR595894.1	cluster_001_consensus
genomes/GCF_003547055.1.fna	MF6.fna	84.60	16.95	15.63	NZ_CP025302.1	cluster_001_consensus
genomes/GCF_000583835.1.fna	MF6.fna	84.60	16.27	15.54	NZ_CP004368.1	cluster_001_consensus
genomes/GCF_000755945.1.fna	MF6.fna	84.60	17.62	15.98	NZ_CP008892.1	cluster_001_consensus
genomes/GCF_002111125.1.fna	MF6.fna	84.59	16.03	15.51	NZ_CP018384.1	cluster_001_consensus
genomes/GCF_902141795.1.fna	MF6.fna	84.59	17.36	15.81	NZ_LR595896.1	cluster_001_consensus
genomes/GCF_000959625.1.fna	MF6.fna	84.59	19.64	14.56	NZ_CP010065.1	cluster_001_consensus
genomes/GCF_000756025.1.fna	MF6.fna	84.59	19.16	14.43	NZ_CP008732.1	cluster_001_consensus
genomes/GCF_001980585.2.fna	MF6.fna	84.59	17.56	15.76	NZ_CP116601.1	cluster_001_consensus
genomes/GCF_001885195.1.fna	MF6.fna	84.59	16.60	15.50	NZ_CP018054.1	cluster_001_consensus
genomes/GCF_003547035.1.fna	MF6.fna	84.59	17.36	15.81	NZ_CP025306.1	cluster_001_consensus
genomes/GCF_000012785.1.fna	MF6.fna	84.58	16.52	15.48	NC_007434.1	cluster_001_consensus
genomes/GCF_002346085.1.fna	MF6.fna	84.58	19.33	14.21	NZ_CP009731.1	cluster_001_consensus
genomes/GCF_018228545.1.fna	MF6.fna	84.58	17.39	15.66	NZ_CP073740.1	cluster_001_consensus
genomes/GCF_016864355.1.fna	MF6.fna	84.57	16.67	15.97	NZ_CP069360.1	cluster_001_consensus
genomes/GCF_000959345.1.fna	MF6.fna	84.57	16.58	15.69	NZ_CP009551.1	cluster_001_consensus
genomes/GCF_000521645.1.fna	MF6.fna	84.57	16.61	15.58	NZ_CP004042.1	cluster_001_consensus
genomes/GCF_004348075.1.fna	MF6.fna	84.57	17.86	15.85	NZ_CP037760.1	cluster_001_consensus
genomes/GCF_002111345.1.fna	MF6.fna	84.57	16.82	15.51	NZ_CP018372.1	cluster_001_consensus
genomes/GCF_050320195.1.fna	MF6.fna	84.57	16.42	15.74	NZ_CP190013.1	cluster_001_consensus
genomes/GCF_030297275.1.fna	MF6.fna	84.57	16.84	15.41	NZ_AP028079.1	cluster_001_consensus
genomes/GCF_000755925.1.fna	MF6.fna	84.56	17.11	15.84	NZ_CP008911.1	cluster_001_consensus
genomes/GCF_002110965.1.fna	MF6.fna	84.56	16.06	15.44	NZ_CP018391.1	cluster_001_consensus
genomes/GCF_030297295.1.fna	MF6.fna	84.56	16.93	15.58	NZ_AP028081.1	cluster_001_consensus
genomes/GCF_002111145.1.fna	MF6.fna	84.56	16.74	15.43	NZ_CP018387.1	cluster_001_consensus
genomes/GCF_000959305.1.fna	MF6.fna	84.56	17.62	15.92	NZ_CP009545.1	cluster_001_consensus
genomes/GCF_965199925.1.fna	MF6.fna	84.55	16.76	15.75	NZ_OZ241391.1	cluster_001_consensus
genomes/GCF_052858145.1.fna	MF6.fna	84.55	16.64	15.43	NZ_CP193468.1	cluster_001_consensus
genomes/GCF_000755905.1.fna	MF6.fna	84.55	17.04	15.69	NZ_CP008894.1	cluster_001_consensus
genomes/GCF_003798365.1.fna	MF6.fna	84.55	17.04	15.69	NZ_CP033701.1	cluster_001_consensus
genomes/GCF_051560125.1.fna	MF6.fna	84.55	16.44	15.52	NZ_CM121441.1	cluster_001_consensus
genomes/GCF_939576165.1.fna	MF6.fna	84.54	19.46	14.09	NZ_OW622535.1	cluster_001_consensus
genomes/GCF_001887575.1.fna	MF6.fna	84.54	16.97	15.87	NZ_CP016911.1	cluster_001_consensus
genomes/GCF_001887555.1.fna	MF6.fna	84.54	16.99	15.89	NZ_CP016909.1	cluster_001_consensus
genomes/GCF_000260515.1.fna	MF6.fna	84.54	16.73	15.51	NC_017831.1	cluster_001_consensus
genomes/GCF_002843645.1.fna	MF6.fna	84.54	17.06	15.92	NZ_CP025264.1	cluster_001_consensus
genomes/GCF_965199425.1.fna	MF6.fna	84.54	17.14	15.84	NZ_OZ241174.1	cluster_001_consensus
genomes/GCF_000015925.1.fna	MF6.fna	84.53	17.12	15.56	NC_009076.1	cluster_001_consensus
genomes/GCF_052855985.1.fna	MF6.fna	84.53	17.05	15.59	NZ_CP193458.1	cluster_001_consensus
genomes/GCF_000439695.1.fna	MF6.fna	84.53	16.32	15.55	NC_021884.1	cluster_001_consensus
genomes/GCF_003547015.1.fna	MF6.fna	84.53	17.06	15.71	NZ_CP025304.1	cluster_001_consensus
genomes/GCF_001975125.1.fna	MF6.fna	84.53	16.30	15.54	NZ_CP017050.1	cluster_001_consensus
genomes/GCF_017378315.2.fna	MF6.fna	84.53	17.10	15.67	NZ_CP071754.2	cluster_001_consensus
genomes/GCF_000953095.1.fna	MF6.fna	84.53	17.21	15.81	NZ_LK936442.1	cluster_001_consensus
genomes/GCF_030297215.1.fna	MF6.fna	84.53	17.28	15.95	NZ_AP028073.1	cluster_001_consensus
genomes/GCF_002111005.1.fna	MF6.fna	84.53	16.41	15.43	NZ_CP018405.1	cluster_001_consensus
genomes/GCF_002346185.1.fna	MF6.fna	84.53	19.19	14.21	NZ_CP009741.1	cluster_001_consensus
genomes/GCF_902141815.1.fna	MF6.fna	84.53	17.06	15.71	NZ_LR595898.1	cluster_001_consensus
genomes/GCF_018228345.1.fna	MF6.fna	84.53	17.31	15.77	NZ_CP073722.1	cluster_001_consensus
genomes/GCF_000757015.2.fna	MF6.fna	84.52	17.26	15.94	NZ_CP009585.1	cluster_001_consensus
genomes/GCF_000770455.1.fna	MF6.fna	84.52	17.28	16.10	NZ_CP009151.1	cluster_001_consensus
genomes/GCF_000294635.1.fna	MF6.fna	84.52	17.03	15.62	NC_018527.1	cluster_001_consensus
genomes/GCA_965199775.1.fna	MF6.fna	84.52	17.05	15.27	OZ241381.1	cluster_001_consensus
genomes/GCF_965202565.1.fna	MF6.fna	84.51	16.99	16.03	NZ_OZ241824.1	cluster_001_consensus
genomes/GCF_051560145.1.fna	MF6.fna	84.51	17.14	16.08	NZ_CM121443.1	cluster_001_consensus
genomes/GCF_002111225.1.fna	MF6.fna	84.51	17.24	15.92	NZ_CP018400.1	cluster_001_consensus
genomes/GCF_017378155.1.fna	MF6.fna	84.51	16.93	16.02	NZ_CP071746.1	cluster_001_consensus
genomes/GCF_003445415.1.fna	MF6.fna	84.51	17.29	15.94	NZ_CP008755.1	cluster_001_consensus
genomes/GCF_001975145.1.fna	MF6.fna	84.50	16.28	15.53	NZ_CP017052.1	cluster_001_consensus
genomes/GCF_052855315.1.fna	MF6.fna	84.50	17.43	16.20	NZ_CP193452.1	cluster_001_consensus
genomes/GCF_052855615.1.fna	MF6.fna	84.50	16.89	15.45	NZ_CP193455.1	cluster_001_consensus
genomes/GCF_017378195.1.fna	MF6.fna	84.50	16.54	15.53	NZ_CP071749.1	cluster_001_consensus
genomes/GCF_000756065.1.fna	MF6.fna	84.50	16.59	15.52	NZ_CP008784.1	cluster_001_consensus
genomes/GCF_002346125.1.fna	MF6.fna	84.50	19.43	14.32	NZ_CP009735.1	cluster_001_consensus
genomes/GCF_000755825.1.fna	MF6.fna	84.49	17.13	15.98	NZ_CP009128.1	cluster_001_consensus
genomes/GCF_002346005.1.fna	MF6.fna	84.48	19.43	14.27	NZ_CP010348.1	cluster_001_consensus
genomes/GCF_004367705.1.fna	MF6.fna	84.48	17.57	15.65	NZ_CP037976.1	cluster_001_consensus
genomes/GCF_002111025.1.fna	MF6.fna	84.48	16.68	15.70	NZ_CP018406.1	cluster_001_consensus
genomes/GCF_018228565.1.fna	MF6.fna	84.48	17.37	15.82	NZ_CP073734.1	cluster_001_consensus
genomes/GCF_002111165.1.fna	MF6.fna	84.47	16.77	15.80	NZ_CP018389.1	cluster_001_consensus
genomes/GCA_964417475.2.fna	MF6.fna	84.47	16.41	15.50	OZ259869.1	cluster_001_consensus
genomes/GCF_052854605.1.fna	MF6.fna	84.47	16.34	15.14	NZ_CP193441.1	cluster_001_consensus
genomes/GCF_000756085.1.fna	MF6.fna	84.46	17.12	15.88	NZ_CP008834.1	cluster_001_consensus
genomes/GCF_018771365.1.fna	MF6.fna	84.46	17.01	16.09	NZ_CP076297.1	cluster_001_consensus
genomes/GCF_052854615.1.fna	MF6.fna	84.46	16.83	15.59	NZ_CP193444.1	cluster_001_consensus
genomes/GCF_004526325.1.fna	MF6.fna	84.46	17.43	15.62	NZ_CP038195.1	cluster_001_consensus
genomes/GCF_001975085.1.fna	MF6.fna	84.45	16.72	15.66	NZ_CP017046.1	cluster_001_consensus
genomes/GCF_002346145.1.fna	MF6.fna	84.45	19.87	14.59	NZ_CP009737.1	cluster_001_consensus
genomes/GCF_000511915.1.fna	MF6.fna	84.44	16.53	15.50	NZ_CP004003.1	cluster_001_consensus
genomes/GCA_017356705.2.fna	MF6.fna	84.44	11.75	15.97	CP071525.1	cluster_001_consensus
genomes/GCA_017356725.2.fna	MF6.fna	84.44	11.95	16.28	CP071526.1	cluster_001_consensus
genomes/GCF_052857225.1.fna	MF6.fna	84.44	17.29	15.85	NZ_CP193463.1	cluster_001_consensus
genomes/GCF_005862325.1.fna	MF6.fna	84.43	17.04	15.53	NZ_CP040551.1	cluster_001_consensus
genomes/GCF_052854885.1.fna	MF6.fna	84.42	16.47	15.42	NZ_CP193445.1	cluster_001_consensus
genomes/GCF_017378435.1.fna	MF6.fna	84.42	16.76	15.69	NZ_CP071761.1	cluster_001_consensus
genomes/GCF_004367725.1.fna	MF6.fna	84.41	17.53	15.60	NZ_CP037972.1	cluster_001_consensus
genomes/GCF_052854315.1.fna	MF6.fna	84.40	16.47	15.75	NZ_CP193436.1	cluster_001_consensus
genomes/GCF_052855305.1.fna	MF6.fna	84.40	17.20	16.06	NZ_CP193450.1	cluster_001_consensus
genomes/GCF_002110945.1.fna	MF6.fna	84.40	16.27	15.61	NZ_CP018380.1	cluster_001_consensus
genomes/GCF_000770535.1.fna	MF6.fna	84.39	17.00	15.85	NZ_CP009165.1	cluster_001_consensus
genomes/GCF_003798265.1.fna	MF6.fna	84.38	17.39	15.94	NZ_CP033705.1	cluster_001_consensus
genomes/GCF_000959125.1.fna	MF6.fna	84.38	16.64	15.44	NZ_CP004379.1	cluster_001_consensus
genomes/GCF_008728295.1.fna	MF6.fna	84.38	17.41	15.87	NZ_CP038218.1	cluster_001_consensus
genomes/GCF_000959225.1.fna	MF6.fna	84.36	16.28	15.54	NZ_CP009478.1	cluster_001_consensus
genomes/GCF_000757035.2.fna	MF6.fna	84.35	16.39	15.40	NZ_CP009899.1	cluster_001_consensus
genomes/GCF_002111285.1.fna	MF6.fna	84.35	16.19	15.44	NZ_CP018414.1	cluster_001_consensus
genomes/GCF_000959265.1.fna	MF6.fna	84.34	16.13	15.27	NZ_CP009535.1	cluster_001_consensus
genomes/GCF_002111265.1.fna	MF6.fna	84.33	16.53	15.56	NZ_CP018408.1	cluster_001_consensus
genomes/GCF_008728255.1.fna	MF6.fna	84.32	17.27	15.74	NZ_CP038214.1	cluster_001_consensus
genomes/GCF_002111385.1.fna	MF6.fna	84.32	16.65	15.90	NZ_CP018413.1	cluster_001_consensus
genomes/GCF_002111305.1.fna	MF6.fna	84.31	16.19	15.42	NZ_CP018416.1	cluster_001_consensus
genomes/GCF_004367685.1.fna	MF6.fna	84.31	17.55	15.70	NZ_CP037970.1	cluster_001_consensus
genomes/GCF_004367665.1.fna	MF6.fna	84.30	17.52	15.59	NZ_CP037974.1	cluster_001_consensus
genomes/GCF_000959145.1.fna	MF6.fna	84.28	17.12	15.97	NZ_CP009298.1	cluster_001_consensus
