query_residue	n_hsps_ct_negative
1	0
2	0
3	0
4	0
5	0
6	1
7	1
8	2
9	3
10	3
11	3
12	3
13	3
14	3
15	3
16	3
17	3
18	3
19	3
20	3
21	3
22	3
23	3
24	3
25	3
26	3
27	3
28	3
29	3
30	3
31	3
32	3
33	3
34	3
35	3
36	3
37	3
38	3
39	3
40	3
41	3
42	3
43	3
44	3
45	3
46	3
47	3
48	3
49	3
50	3
51	3
52	3
53	3
54	3
55	3
56	3
57	3
58	3
59	3
60	3
61	3
62	3
63	3
64	3
65	3
66	3
67	3
68	3
69	3
70	3
71	3
72	3
73	3
74	3
75	3
76	3
77	3
78	3
79	3
80	3
81	3
82	3
83	3
84	3
85	3
86	3
87	3
88	3
89	3
90	3
91	3
92	3
93	3
94	3
95	3
96	3
97	3
98	3
99	3
100	3
101	3
102	3
103	3
104	3
105	3
106	3
107	3
108	3
109	3
110	3
111	3
112	3
113	3
114	3
115	3
116	3
117	3
118	3
119	3
120	3
121	3
122	3
123	3
124	3
125	3
126	3
127	3
128	3
129	3
130	3
131	3
132	3
133	3
134	3
135	3
136	3
137	3
138	3
139	3
140	3
141	3
142	3
143	3
144	3
145	3
146	3
147	3
148	3
149	3
150	3
151	3
152	3
153	3
154	3
155	3
156	3
157	3
158	3
159	3
160	3
161	3
162	3
163	3
164	3
165	3
166	3
167	3
168	3
169	3
170	3
171	3
172	3
173	3
174	3
175	3
176	3
177	3
178	3
179	3
180	3
181	3
182	3
183	3
184	3
185	3
186	3
187	3
188	3
189	3
190	3
191	3
192	3
193	3
194	3
195	3
196	3
197	3
198	3
199	3
200	3
201	3
202	3
203	3
204	3
205	3
206	3
207	3
208	3
209	3
210	3
211	3
212	3
213	3
214	3
215	3
216	3
217	3
218	3
219	3
220	3
221	3
222	3
223	3
224	3
225	3
226	3
227	3
228	3
229	3
230	3
231	3
232	3
233	3
234	3
235	3
236	3
237	3
238	3
239	3
240	3
241	3
242	3
243	3
244	3
245	3
246	3
247	3
248	3
249	3
250	3
251	3
252	3
253	3
254	3
255	3
256	3
257	3
258	3
259	3
260	3
261	3
262	3
263	3
264	3
265	3
266	3
267	3
268	3
269	3
270	3
271	3
272	3
273	3
274	3
275	3
276	3
277	3
278	3
279	3
280	3
281	3
282	3
283	3
284	3
285	3
286	3
287	3
288	3
289	3
290	3
291	3
292	3
293	3
294	3
295	3
296	3
297	3
298	3
299	3
300	3
301	3
302	3
303	3
304	3
305	3
306	3
307	3
308	3
309	3
310	3
311	3
312	3
313	3
314	3
315	3
316	3
317	3
318	3
319	3
320	3
321	3
322	3
323	3
324	3
325	3
326	3
327	3
328	3
329	3
330	3
331	3
332	3
333	3
334	3
335	3
336	3
337	3
338	3
339	3
340	3
341	3
342	3
343	3
344	3
345	3
346	3
347	3
348	3
349	3
350	3
351	3
352	3
353	3
354	3
355	3
356	3
357	3
358	3
359	3
360	3
361	3
362	3
363	3
364	3
365	3
366	3
367	3
368	3
369	3
370	3
371	3
372	3
373	3
374	3
375	3
376	3
377	3
378	3
379	3
380	3
381	3
382	3
383	3
384	3
385	3
386	3
387	3
388	3
389	3
390	3
391	3
392	3
393	3
394	3
395	3
396	3
397	3
398	3
399	3
400	3
401	3
402	3
403	3
404	3
405	3
406	3
407	3
408	3
409	3
410	3
411	3
412	3
413	3
414	3
415	3
416	3
417	3
418	3
419	3
420	3
421	3
422	3
423	3
424	3
425	3
426	3
427	3
428	3
429	3
430	3
431	3
432	3
433	3
434	3
435	3
436	3
437	3
438	3
439	3
440	3
441	3
442	3
443	3
444	3
445	3
446	3
447	3
448	3
449	3
450	3
451	3
452	3
453	3
454	3
455	3
456	3
457	3
458	3
459	3
460	3
461	3
462	3
463	3
464	3
465	3
466	3
467	3
468	3
469	3
470	3
471	3
472	3
473	3
474	3
475	3
476	3
477	3
478	3
479	3
480	3
481	3
482	3
483	3
484	3
485	3
486	3
487	3
488	3
489	3
490	3
491	3
492	3
493	3
494	3
495	3
496	3
497	3
498	3
499	3
500	3
501	3
502	3
503	3
504	3
505	3
506	3
507	3
508	3
509	3
510	3
511	3
512	3
513	3
514	3
515	3
516	3
517	3
518	3
519	3
520	3
521	3
522	3
523	3
524	3
525	3
526	3
527	3
528	3
529	3
530	3
531	3
532	3
533	3
534	3
535	3
536	3
537	3
538	3
539	3
540	3
541	3
542	3
543	3
544	3
545	3
546	3
547	3
548	3
549	3
550	3
551	3
552	3
553	3
554	3
555	3
556	3
557	3
558	3
559	3
560	3
561	3
562	3
563	3
564	3
565	3
566	3
567	3
568	3
569	3
570	3
571	3
572	3
573	3
574	3
575	3
576	3
577	3
578	3
579	3
580	3
581	3
582	3
583	3
584	3
585	3
586	3
587	3
588	3
589	3
590	3
591	3
592	3
593	3
594	3
595	3
596	3
597	3
598	3
599	3
600	3
601	3
602	3
603	3
604	3
605	3
606	3
607	3
608	3
609	3
610	3
611	3
612	3
613	3
614	3
615	3
616	3
617	3
618	3
619	3
620	3
621	3
622	3
623	3
624	3
625	3
626	3
627	3
628	3
629	3
630	3
631	3
632	3
633	3
634	3
635	3
636	3
637	3
638	3
639	3
640	3
641	3
642	3
643	3
644	3
645	3
646	3
647	3
648	3
649	3
650	3
651	3
652	3
653	3
654	3
655	3
656	3
657	3
658	3
659	3
660	3
661	3
662	3
663	3
664	3
665	3
666	3
667	3
668	3
669	3
670	3
671	3
672	3
673	3
674	3
675	3
676	3
677	3
678	3
679	3
680	3
681	3
682	3
683	3
684	3
685	3
686	3
687	3
688	3
689	3
690	3
691	3
692	3
693	3
694	3
695	3
696	3
697	3
698	3
699	3
700	3
701	3
702	3
703	3
704	3
705	3
706	3
707	3
708	3
709	3
710	3
711	3
712	3
713	3
714	3
715	3
716	3
717	3
718	3
719	3
720	3
721	3
722	3
723	3
724	3
725	3
726	3
727	3
728	3
729	3
730	3
731	3
732	3
733	3
734	3
735	3
736	3
737	3
738	3
739	3
740	3
741	3
742	3
743	3
744	3
745	3
746	3
747	3
748	3
749	3
750	3
751	3
752	3
753	3
754	3
755	3
756	3
757	3
758	3
759	3
760	3
761	3
762	3
763	3
764	3
765	3
766	3
767	3
768	3
769	3
770	3
771	3
772	3
773	3
774	3
775	3
776	3
777	3
778	3
779	3
780	3
781	3
782	3
783	3
784	3
785	3
786	3
787	3
788	3
789	3
790	3
791	3
792	3
793	3
794	3
795	3
796	3
797	3
798	3
799	3
800	3
801	3
802	3
803	3
804	3
805	3
806	3
807	3
808	3
809	3
810	3
811	3
812	3
813	3
814	3
815	3
816	3
817	3
818	3
819	3
820	3
821	3
822	3
823	3
824	3
825	3
826	3
827	3
828	3
829	3
830	3
831	3
832	3
833	3
834	3
835	3
836	3
837	3
838	3
839	3
840	3
841	3
842	3
843	3
844	3
845	3
846	3
847	3
848	3
849	3
850	3
851	3
852	3
853	3
854	3
855	3
856	3
857	3
858	3
859	3
860	3
861	3
862	3
863	3
864	3
865	3
866	3
867	3
868	3
869	3
870	3
871	3
872	3
873	3
874	3
875	3
876	3
877	3
878	3
879	3
880	3
881	3
882	3
883	3
884	3
885	3
886	3
887	3
888	3
889	3
890	3
891	3
892	3
893	3
894	3
895	3
896	3
897	3
898	3
899	3
900	3
901	3
902	3
903	3
904	3
905	3
906	3
907	3
908	3
909	3
910	3
911	3
912	3
913	3
914	3
915	3
916	3
917	3
918	3
919	3
920	3
921	3
922	3
923	3
924	3
925	3
926	3
927	3
928	3
929	3
930	3
931	3
932	3
933	3
934	3
935	3
936	3
937	3
938	3
939	3
940	3
941	3
942	3
943	3
944	3
945	3
946	3
947	3
948	3
949	3
950	3
951	3
952	3
953	3
954	3
955	3
956	3
957	3
958	3
959	3
960	3
961	3
962	3
963	3
964	3
965	3
966	3
967	3
968	3
969	3
970	3
971	3
972	3
973	3
974	3
975	3
976	3
977	3
978	3
979	3
980	3
981	3
982	3
983	3
984	3
985	3
986	3
987	3
988	3
989	3
990	3
991	3
992	3
993	3
994	3
995	3
996	3
997	3
998	3
999	3
1000	3
1001	3
1002	3
1003	3
1004	3
1005	3
1006	3
1007	3
1008	3
1009	3
1010	3
1011	3
1012	3
1013	3
1014	3
1015	3
1016	3
1017	3
1018	3
1019	3
1020	3
1021	3
1022	3
1023	3
1024	3
1025	3
1026	3
1027	3
1028	3
1029	3
1030	3
1031	3
1032	3
1033	3
1034	3
1035	3
1036	3
1037	3
1038	3
1039	3
1040	3
1041	3
1042	3
1043	3
1044	3
1045	3
1046	3
1047	3
1048	3
1049	3
1050	3
1051	3
1052	3
1053	3
1054	3
1055	3
1056	3
1057	3
1058	3
1059	3
1060	3
1061	3
1062	3
1063	3
1064	3
1065	3
1066	3
1067	3
1068	3
1069	3
1070	3
1071	3
1072	3
1073	3
1074	3
1075	3
1076	3
1077	3
1078	3
1079	3
1080	3
1081	3
1082	3
1083	3
1084	3
1085	3
1086	3
1087	3
1088	3
1089	3
1090	3
1091	3
1092	3
1093	3
1094	3
1095	3
1096	3
1097	3
1098	3
1099	3
1100	3
1101	3
1102	3
1103	3
1104	3
1105	3
1106	3
1107	3
1108	3
1109	3
1110	3
1111	3
1112	3
1113	3
1114	3
1115	3
1116	3
1117	3
1118	3
1119	3
1120	3
1121	3
1122	3
1123	3
1124	3
1125	3
1126	3
1127	3
1128	3
1129	3
1130	3
1131	3
1132	3
1133	3
1134	3
1135	3
1136	3
1137	3
1138	3
1139	3
1140	3
1141	3
1142	3
1143	3
1144	3
1145	3
1146	3
1147	3
1148	3
1149	3
1150	3
1151	3
1152	3
1153	3
1154	3
1155	3
1156	3
1157	3
1158	3
1159	3
1160	3
1161	3
1162	3
1163	3
1164	3
1165	3
1166	3
1167	3
1168	3
1169	3
1170	3
1171	3
1172	3
1173	3
1174	3
1175	3
1176	3
1177	3
1178	3
1179	3
1180	3
1181	3
1182	3
1183	3
1184	3
1185	3
1186	3
1187	3
1188	3
1189	3
1190	3
1191	3
1192	3
1193	3
1194	3
1195	3
1196	3
1197	3
1198	3
1199	3
1200	3
1201	3
1202	3
1203	3
1204	3
1205	3
1206	3
1207	3
1208	3
1209	3
1210	3
1211	3
1212	3
1213	3
1214	3
1215	3
1216	3
1217	3
1218	3
1219	3
1220	3
1221	3
1222	3
1223	3
1224	3
1225	3
1226	3
1227	3
1228	3
1229	3
1230	3
1231	3
1232	3
1233	3
1234	3
1235	3
1236	3
1237	3
1238	3
1239	3
1240	3
1241	3
1242	3
1243	3
1244	3
1245	3
1246	3
1247	3
1248	3
1249	3
1250	3
1251	3
1252	3
1253	3
1254	3
1255	3
1256	3
1257	3
1258	3
1259	3
1260	3
1261	3
1262	3
1263	3
1264	3
1265	3
1266	3
1267	3
1268	3
1269	3
1270	3
1271	3
1272	3
1273	3
1274	3
1275	3
1276	3
1277	3
1278	3
1279	3
1280	3
1281	3
1282	3
1283	3
1284	3
1285	3
1286	3
1287	3
1288	3
1289	3
1290	3
1291	3
1292	3
1293	3
1294	3
1295	3
1296	3
1297	3
1298	3
1299	3
1300	3
1301	3
1302	3
1303	3
1304	3
1305	3
1306	3
1307	3
1308	3
1309	3
1310	3
1311	3
1312	3
1313	3
1314	3
1315	3
1316	3
1317	3
1318	3
1319	3
1320	3
1321	3
1322	3
1323	3
1324	3
1325	3
1326	3
1327	3
1328	3
1329	3
1330	3
1331	3
1332	3
1333	3
1334	3
1335	3
1336	3
1337	3
1338	3
1339	3
1340	3
1341	3
1342	3
1343	3
1344	3
1345	3
1346	3
1347	3
1348	3
1349	3
1350	3
1351	3
1352	3
1353	3
1354	3
1355	3
1356	3
1357	3
1358	3
1359	3
1360	3
1361	3
1362	3
1363	3
1364	3
1365	3
1366	3
1367	3
1368	3
1369	3
1370	3
1371	3
1372	3
1373	3
1374	3
1375	3
1376	3
1377	3
1378	3
1379	3
1380	3
1381	3
1382	3
1383	3
1384	3
1385	3
1386	3
1387	3
1388	3
1389	3
1390	3
1391	3
1392	3
1393	3
1394	3
1395	3
1396	3
1397	3
1398	3
1399	3
1400	3
1401	3
1402	3
1403	3
1404	3
1405	3
1406	3
1407	3
1408	3
1409	3
1410	3
1411	3
1412	3
1413	3
1414	3
1415	3
1416	3
1417	3
1418	3
1419	3
1420	3
1421	3
1422	3
1423	3
1424	3
1425	3
1426	3
1427	3
1428	3
1429	3
1430	3
1431	3
1432	3
1433	3
1434	3
1435	3
1436	3
1437	3
1438	3
1439	3
1440	3
1441	3
1442	3
1443	3
1444	3
1445	3
1446	3
1447	3
1448	3
1449	3
1450	3
1451	3
1452	3
1453	3
1454	3
1455	3
1456	3
1457	3
1458	3
1459	3
1460	3
1461	3
1462	3
1463	3
1464	3
1465	3
1466	3
1467	3
1468	3
1469	3
1470	3
1471	3
1472	3
1473	3
1474	3
1475	3
1476	3
1477	3
1478	3
1479	3
1480	3
1481	3
1482	3
1483	3
1484	3
1485	3
1486	3
1487	3
1488	3
1489	3
1490	3
1491	3
1492	3
1493	3
1494	3
1495	3
1496	3
1497	3
1498	3
1499	3
1500	3
1501	3
1502	3
1503	3
1504	3
1505	3
1506	3
1507	3
1508	3
1509	3
1510	3
1511	3
1512	3
1513	3
1514	3
1515	3
1516	3
1517	3
1518	3
1519	3
1520	3
1521	3
1522	3
1523	3
1524	3
1525	3
1526	3
1527	3
1528	3
1529	3
1530	3
1531	3
1532	3
1533	3
1534	3
1535	3
1536	3
1537	3
1538	3
1539	3
1540	3
1541	3
1542	3
1543	3
1544	3
1545	3
1546	3
1547	3
1548	3
1549	3
1550	3
1551	3
1552	3
1553	3
1554	3
1555	3
1556	3
1557	3
1558	3
1559	3
1560	3
1561	3
1562	3
1563	3
1564	3
1565	3
1566	3
1567	3
1568	3
1569	3
1570	3
1571	3
1572	3
1573	3
1574	3
1575	3
1576	3
1577	3
1578	3
1579	3
1580	3
1581	3
1582	3
1583	3
1584	3
1585	3
1586	3
1587	3
1588	3
1589	3
1590	3
1591	3
1592	3
1593	3
1594	3
1595	3
1596	3
1597	3
1598	3
1599	3
1600	3
1601	3
1602	3
1603	3
1604	3
1605	3
1606	3
1607	3
1608	3
1609	3
1610	3
1611	3
1612	3
1613	3
1614	3
1615	3
1616	3
1617	3
1618	3
1619	3
1620	3
1621	3
1622	3
1623	3
1624	3
1625	3
1626	3
1627	3
1628	3
1629	3
1630	3
1631	3
1632	3
1633	3
1634	3
1635	3
1636	3
1637	3
1638	3
1639	3
1640	3
1641	3
1642	3
1643	3
1644	3
1645	3
1646	3
1647	3
1648	3
1649	3
1650	3
1651	3
1652	3
1653	3
1654	3
1655	3
1656	3
1657	3
1658	3
1659	3
1660	3
1661	3
1662	3
1663	3
1664	3
1665	3
1666	3
1667	3
1668	3
1669	3
1670	3
1671	3
1672	3
1673	3
1674	3
1675	3
1676	3
1677	3
1678	3
1679	3
1680	3
1681	3
1682	3
1683	3
1684	3
1685	3
1686	3
1687	3
1688	3
1689	3
1690	3
1691	3
1692	3
1693	3
1694	3
1695	3
1696	3
1697	3
1698	3
1699	3
1700	3
1701	3
1702	3
1703	3
1704	3
1705	3
1706	3
1707	3
1708	3
1709	3
1710	3
1711	3
1712	3
1713	3
1714	3
1715	3
1716	3
1717	3
1718	3
1719	3
1720	3
1721	3
1722	3
1723	3
1724	3
1725	3
1726	3
1727	3
1728	3
1729	3
1730	3
1731	3
1732	3
1733	3
1734	3
1735	3
1736	3
1737	3
1738	3
1739	3
1740	3
1741	3
1742	3
1743	3
1744	3
1745	3
1746	3
1747	3
1748	3
1749	3
1750	3
1751	3
1752	3
1753	3
1754	3
1755	3
1756	3
1757	3
1758	3
1759	3
1760	3
1761	3
1762	3
1763	3
1764	3
1765	3
1766	3
1767	3
1768	3
1769	3
1770	3
1771	3
1772	3
1773	3
1774	3
1775	3
1776	3
1777	3
1778	3
1779	3
1780	3
1781	3
1782	3
1783	3
1784	3
1785	3
1786	3
1787	3
1788	3
1789	3
1790	3
1791	3
1792	3
1793	3
1794	3
1795	3
1796	3
1797	3
1798	3
1799	3
1800	3
1801	3
1802	3
1803	3
1804	3
1805	3
1806	3
1807	3
1808	3
1809	3
1810	3
1811	3
1812	3
1813	3
1814	3
1815	3
1816	3
1817	3
1818	3
1819	3
1820	3
1821	3
1822	3
1823	3
1824	3
1825	3
1826	3
1827	3
1828	3
1829	3
1830	3
1831	3
1832	3
1833	3
1834	3
1835	3
1836	3
1837	3
1838	3
1839	3
1840	3
1841	3
1842	3
1843	3
1844	3
1845	3
1846	3
1847	3
1848	3
1849	3
1850	3
1851	3
1852	3
1853	3
1854	3
1855	3
1856	3
1857	3
1858	3
1859	3
1860	3
1861	3
1862	3
1863	3
1864	3
1865	3
1866	3
1867	3
1868	3
1869	3
1870	3
1871	3
1872	3
1873	3
1874	3
1875	3
1876	3
1877	3
1878	3
1879	3
1880	3
1881	3
1882	3
1883	7
1884	16
1885	16
1886	17
1887	17
1888	17
1889	17
1890	17
1891	17
1892	17
1893	17
1894	17
1895	17
1896	17
1897	17
1898	17
1899	17
1900	17
1901	17
1902	17
1903	17
1904	17
1905	17
1906	17
1907	17
1908	17
1909	17
1910	17
1911	17
1912	17
1913	17
1914	17
1915	17
1916	17
1917	17
1918	17
1919	18
1920	19
1921	19
1922	19
1923	19
1924	19
1925	20
1926	20
1927	20
1928	95
1929	95
1930	217
1931	217
1932	217
1933	217
1934	217
1935	217
1936	217
1937	217
1938	217
1939	217
1940	217
1941	217
1942	217
1943	217
1944	217
1945	217
1946	217
1947	217
1948	217
1949	218
1950	218
1951	218
1952	218
1953	218
1954	218
1955	218
1956	218
1957	218
1958	218
1959	219
1960	219
1961	219
1962	219
1963	219
1964	219
1965	219
1966	219
1967	219
1968	219
1969	219
1970	219
1971	219
1972	219
1973	219
1974	219
1975	219
1976	219
1977	219
1978	219
1979	219
1980	219
1981	219
1982	219
1983	219
1984	219
1985	219
1986	219
1987	219
1988	219
1989	219
1990	219
1991	219
1992	219
1993	219
1994	219
1995	219
1996	219
1997	219
1998	219
1999	219
2000	219
2001	219
2002	219
2003	219
2004	219
2005	219
2006	219
2007	219
2008	219
2009	219
2010	219
2011	219
2012	219
2013	219
2014	219
2015	219
2016	219
2017	219
2018	219
2019	219
2020	219
2021	219
2022	219
2023	219
2024	219
2025	219
2026	219
2027	219
2028	219
2029	219
2030	219
2031	219
2032	219
2033	219
2034	219
2035	219
2036	219
2037	219
2038	219
2039	219
2040	219
2041	219
2042	219
2043	219
2044	219
2045	219
2046	219
2047	219
2048	219
2049	219
2050	219
2051	219
2052	220
2053	220
2054	220
2055	220
2056	221
2057	221
2058	221
2059	221
2060	221
2061	221
2062	221
2063	221
2064	238
2065	238
2066	238
2067	238
2068	238
2069	238
2070	238
2071	238
2072	238
2073	238
2074	238
2075	238
2076	238
2077	238
2078	238
2079	238
2080	239
2081	240
2082	240
2083	240
2084	241
2085	241
2086	241
2087	241
2088	241
2089	241
2090	241
2091	241
2092	241
2093	241
2094	241
2095	241
2096	241
2097	241
2098	241
2099	241
2100	241
2101	241
2102	241
2103	241
2104	241
2105	241
2106	241
2107	241
2108	241
2109	241
2110	245
2111	245
2112	245
2113	245
2114	245
2115	245
2116	245
2117	245
2118	245
2119	245
2120	245
2121	245
2122	245
2123	245
2124	245
2125	245
2126	245
2127	245
2128	246
2129	246
2130	246
2131	246
2132	247
2133	247
2134	247
2135	247
2136	247
2137	247
2138	247
2139	247
2140	247
2141	247
2142	247
2143	247
2144	247
2145	247
2146	247
2147	247
2148	247
2149	247
2150	247
2151	247
2152	247
2153	247
2154	247
2155	247
2156	247
2157	247
2158	247
2159	247
2160	247
2161	247
2162	247
2163	247
2164	247
2165	247
2166	247
2167	247
2168	247
2169	247
2170	247
2171	247
2172	247
2173	247
2174	247
2175	247
2176	247
2177	247
2178	247
2179	247
2180	247
2181	247
2182	247
2183	247
2184	247
2185	247
2186	247
2187	247
2188	247
2189	247
2190	247
2191	247
2192	247
2193	247
2194	248
2195	248
2196	248
2197	248
2198	248
2199	248
2200	248
2201	248
2202	248
2203	248
2204	248
2205	248
2206	248
2207	248
2208	248
2209	248
2210	248
2211	248
2212	248
2213	248
2214	248
2215	248
2216	248
2217	248
2218	248
2219	248
2220	248
2221	248
2222	248
2223	248
2224	248
2225	248
2226	251
2227	251
2228	251
2229	251
2230	251
2231	251
2232	252
2233	252
2234	252
2235	252
2236	252
2237	252
2238	252
2239	252
2240	254
2241	254
2242	254
2243	254
2244	254
2245	254
2246	254
2247	254
2248	255
2249	255
2250	255
2251	255
2252	255
2253	255
2254	255
2255	255
2256	255
2257	255
2258	255
2259	255
2260	255
2261	255
2262	255
2263	255
2264	256
2265	256
2266	256
2267	256
2268	256
2269	256
2270	257
2271	257
2272	257
2273	257
2274	257
2275	257
2276	257
2277	257
2278	256
2279	247
2280	247
2281	247
2282	247
2283	247
2284	247
2285	247
2286	247
2287	247
2288	248
2289	248
2290	250
2291	250
2292	250
2293	250
2294	251
2295	251
2296	251
2297	251
2298	251
2299	251
2300	251
2301	251
2302	251
2303	251
2304	251
2305	251
2306	251
2307	252
2308	253
2309	253
2310	253
2311	253
2312	253
2313	253
2314	253
2315	253
2316	253
2317	253
2318	253
2319	253
2320	253
2321	253
2322	253
2323	253
2324	253
2325	253
2326	253
2327	253
2328	253
2329	253
2330	253
2331	253
2332	255
2333	255
2334	255
2335	255
2336	255
2337	255
2338	255
2339	255
2340	255
2341	255
2342	255
2343	255
2344	258
2345	258
2346	280
2347	280
2348	280
2349	280
2350	280
2351	280
2352	280
2353	280
2354	283
2355	283
2356	283
2357	283
2358	285
2359	285
2360	285
2361	285
2362	285
2363	285
2364	285
2365	285
2366	285
2367	285
2368	285
2369	285
2370	285
2371	285
2372	285
2373	285
2374	285
2375	285
2376	285
2377	285
2378	285
2379	292
2380	297
2381	297
2382	297
2383	297
2384	297
2385	297
2386	297
2387	297
2388	297
2389	297
2390	297
2391	297
2392	297
2393	297
2394	297
2395	297
2396	297
2397	297
2398	297
2399	297
2400	297
2401	297
2402	297
2403	297
2404	297
2405	297
2406	299
2407	299
2408	299
2409	312
2410	328
2411	328
2412	329
2413	329
2414	333
2415	333
2416	334
2417	335
2418	336
2419	336
2420	336
2421	336
2422	336
2423	336
2424	336
2425	336
2426	336
2427	336
2428	336
2429	336
2430	336
2431	336
2432	336
2433	336
2434	336
2435	336
2436	336
2437	336
2438	336
2439	336
2440	336
2441	336
2442	336
2443	336
2444	336
2445	336
2446	336
2447	336
2448	336
2449	336
2450	336
2451	336
2452	336
2453	336
2454	336
2455	336
2456	336
2457	336
2458	336
2459	336
2460	336
2461	336
2462	336
2463	336
2464	336
2465	336
2466	336
2467	336
2468	336
2469	336
2470	336
2471	336
2472	336
2473	336
2474	336
2475	336
2476	336
2477	336
2478	336
2479	336
2480	336
2481	336
2482	336
2483	336
2484	336
2485	336
2486	336
2487	336
2488	336
2489	336
2490	336
2491	336
2492	334
2493	334
2494	334
2495	334
2496	334
2497	334
2498	334
2499	334
2500	334
2501	334
2502	334
2503	334
2504	334
2505	334
2506	334
2507	334
2508	334
2509	334
2510	334
2511	334
2512	334
2513	334
2514	333
2515	196
2516	181
2517	172
2518	172
2519	165
2520	161
2521	156
2522	153
2523	152
2524	150
2525	150
2526	150
2527	148
2528	148
2529	145
2530	145
2531	144
2532	144
2533	144
2534	144
2535	144
2536	144
2537	144
2538	144
2539	142
2540	140
2541	128
2542	127
2543	127
2544	127
2545	127
2546	127
2547	127
2548	127
2549	113
2550	113
2551	113
2552	109
2553	109
2554	109
2555	109
2556	109
2557	109
2558	109
2559	107
2560	107
2561	103
2562	103
2563	102
2564	102
2565	102
2566	95
2567	95
2568	95
2569	95
2570	95
2571	95
2572	85
2573	85
2574	85
2575	85
2576	85
2577	85
2578	85
2579	85
2580	85
2581	85
2582	85
2583	85
2584	85
2585	85
2586	82
2587	82
2588	82
2589	82
2590	82
2591	82
2592	82
2593	82
2594	82
2595	82
2596	82
2597	82
2598	82
2599	82
2600	82
2601	82
2602	82
2603	82
2604	82
2605	82
2606	82
2607	82
2608	82
2609	82
2610	81
2611	80
2612	80
2613	80
2614	80
2615	80
2616	80
2617	79
2618	79
2619	79
2620	79
2621	79
2622	79
2623	79
2624	79
2625	79
2626	79
2627	79
2628	79
2629	79
2630	79
2631	79
2632	79
2633	79
2634	79
2635	78
2636	78
2637	78
2638	78
2639	78
2640	4
2641	4
2642	4
2643	2
2644	2
2645	2
2646	0
2647	0
2648	0
2649	0
2650	0
2651	0
2652	0
2653	0
2654	0
2655	0
2656	0
2657	0
2658	0
2659	0
2660	0
2661	0
2662	0
2663	0
2664	0
2665	0
2666	0
2667	0
2668	0
2669	0
2670	0
2671	0
2672	0
2673	0
2674	0
2675	0
2676	0
2677	0
2678	0
2679	0
2680	0
2681	0
2682	0
2683	0
2684	0
2685	0
2686	0
2687	0
2688	0
2689	0
2690	0
2691	0
2692	0
2693	0
2694	0
2695	0
2696	0
2697	0
2698	0
2699	0
2700	0
2701	0
2702	0
2703	0
2704	0
2705	0
2706	0
2707	0
2708	0
2709	0
2710	0
2711	0
2712	0
2713	0
2714	0
2715	0
2716	0
2717	0
2718	0
2719	0
2720	0
2721	0
2722	0
2723	0
2724	0
2725	0
2726	0
2727	0
2728	0
2729	0
2730	0
2731	0
2732	0
2733	0
2734	0
2735	0
2736	0
2737	0
2738	0
2739	0
2740	0
2741	0
2742	0
2743	0
2744	0
2745	0
2746	0
2747	0
2748	0
2749	0
2750	0
2751	0
2752	0
2753	0
2754	0
2755	0
2756	0
2757	0
2758	0
2759	0
2760	0
2761	0
2762	0
2763	0
2764	0
2765	0
2766	0
2767	0
2768	0
2769	0
2770	0
2771	0
2772	0
2773	0
2774	0
2775	0
2776	0
2777	0
2778	0
2779	0
2780	0
2781	0
2782	0
2783	0
2784	0
2785	0
2786	0
2787	0
2788	0
2789	0
2790	0
2791	0
2792	0
2793	0
2794	0
2795	0
2796	0
2797	0
2798	0
2799	0
2800	0
2801	0
2802	0
2803	0
2804	0
2805	0
2806	0
2807	0
2808	0
2809	0
2810	0
2811	0
2812	0
2813	0
2814	0
2815	0
2816	0
2817	0
2818	0
2819	0
2820	0
2821	0
2822	0
2823	0
2824	0
2825	0
2826	0
2827	0
2828	0
2829	0
2830	0
2831	0
2832	0
2833	0
2834	0
2835	0
2836	0
2837	0
2838	0
2839	0
2840	0
2841	0
2842	0
2843	0
2844	0
2845	0
2846	0
2847	0
2848	0
2849	0
2850	0
2851	0
2852	0
2853	0
2854	0
2855	0
2856	0
2857	0
2858	0
2859	0
2860	0
2861	0
2862	0
2863	0
2864	0
2865	0
2866	0
2867	0
