locus	accession	best_contig_rank	best_contig_len
MF6_001079	GCF_001718575.1	1	3756401
MF6_001079	GCF_016899425.1	1	3563380
MF6_001079	GCF_905400185.1	1	3575181
MF6_001079	MF6	1	3592343
MF6_001079	MF7	2	976231
MF6_002734	GCA_017356705.2	1	7387439
MF6_002734	GCA_017356725.2	1	7387707
MF6_002734	GCA_024298805.1	1	3988163
MF6_002734	GCA_029762415.1	1	4187756
MF6_002734	GCA_048918525.1	1	4163892
MF6_002734	GCA_055387565.1	1	4080545
MF6_002734	GCA_964417475.2	1	4123479
MF6_002734	GCA_965199415.1	1	4090989
MF6_002734	GCA_965199775.1	1	4100456
MF6_002734	GCA_980298765.1	1	3910731
MF6_002734	GCF_000009485.1	1	3870082
MF6_002734	GCF_000010545.1	1	3448421
MF6_002734	GCF_000011545.1	1	4074542
MF6_002734	GCF_000011705.1	1	3510148
MF6_002734	GCF_000012365.1	1	3809201
MF6_002734	GCF_000012785.1	1	4126292
MF6_002734	GCF_000012945.1	1	3694126
MF6_002734	GCF_000015465.1	1	3497479
MF6_002734	GCF_000015605.1	1	3458208
MF6_002734	GCF_000015625.1	1	3495687
MF6_002734	GCF_000015905.1	1	3912947
MF6_002734	GCF_000015925.1	1	3988455
MF6_002734	GCF_000016205.1	1	3652814
MF6_002734	GCF_000018505.1	1	3448466
MF6_002734	GCF_000019505.1	1	3532883
MF6_002734	GCF_000019925.1	1	3443583
MF6_002734	GCF_000022645.2	1	3906507
MF6_002734	GCF_000194745.1	1	4413616
MF6_002734	GCF_000203915.1	1	3556545
MF6_002734	GCF_000203955.1	1	3483902
MF6_002734	GCF_000236215.2	1	3572953
MF6_002734	GCF_000260515.1	1	4092668
MF6_002734	GCF_000262695.1	1	3145156
MF6_002734	GCF_000292915.1	1	3463655
MF6_002734	GCF_000294635.1	1	4001777
MF6_002734	GCF_000385525.1	1	3967794
MF6_002734	GCF_000439695.1	1	4054155
MF6_002734	GCF_000494855.1	1	3997089
MF6_002734	GCF_000511895.1	1	4029451
MF6_002734	GCF_000511915.1	1	4067895
MF6_002734	GCF_000520895.1	1	4067942
MF6_002734	GCF_000521645.1	1	4067985
MF6_002734	GCF_000567905.1	1	3827433
MF6_002734	GCF_000567925.1	1	3662415
MF6_002734	GCF_000567945.1	1	3799595
MF6_002734	GCF_000583835.1	1	4059501
MF6_002734	GCF_000701165.1	1	3790084
MF6_002734	GCF_000705535.2	1	3561262
MF6_002734	GCF_000706745.1	1	3862646
MF6_002734	GCF_000755725.1	1	3668832
MF6_002734	GCF_000755765.1	1	4056147
MF6_002734	GCF_000755785.1	1	3510187
MF6_002734	GCF_000755805.1	1	3760231
MF6_002734	GCF_000755825.1	1	4058409
MF6_002734	GCF_000755845.1	1	3501048
MF6_002734	GCF_000755865.1	1	3531732
MF6_002734	GCF_000755885.1	1	3533325
MF6_002734	GCF_000755905.1	1	3984054
MF6_002734	GCF_000755925.1	1	4017692
MF6_002734	GCF_000755945.1	1	3925545
MF6_002734	GCF_000755965.1	1	4054219
MF6_002734	GCF_000755985.1	1	4192008
MF6_002734	GCF_000756005.1	2	2541526
MF6_002734	GCF_000756025.1	1	3553363
MF6_002734	GCF_000756065.1	1	4060827
MF6_002734	GCF_000756085.1	1	4092738
MF6_002734	GCF_000756125.1	1	3985223
MF6_002734	GCF_000756145.1	1	3984293
MF6_002734	GCF_000756165.1	1	4019546
MF6_002734	GCF_000756185.1	1	4021786
MF6_002734	GCF_000757015.2	1	3976798
MF6_002734	GCF_000757035.2	1	4140573
MF6_002734	GCF_000762285.1	1	3476239
MF6_002734	GCF_000764575.1	1	3955135
MF6_002734	GCF_000764595.1	1	3916324
MF6_002734	GCF_000764955.1	1	3241886
MF6_002734	GCF_000765375.1	1	3805980
MF6_002734	GCF_000770395.1	1	4031107
MF6_002734	GCF_000770455.1	1	4008750
MF6_002734	GCF_000770495.1	1	4110442
MF6_002734	GCF_000770515.1	1	3969389
MF6_002734	GCF_000770535.1	1	4008865
MF6_002734	GCF_000770565.1	1	4228716
MF6_002734	GCF_000808035.2	1	3762666
MF6_002734	GCF_000835205.1	1	4163767
MF6_002734	GCF_000953095.1	1	4044293
MF6_002734	GCF_000954175.1	1	4006427
MF6_002734	GCF_000959125.1	1	4092218
MF6_002734	GCF_000959145.1	1	4055060
MF6_002734	GCF_000959165.1	1	3458247
MF6_002734	GCF_000959185.1	1	4021787
MF6_002734	GCF_000959205.1	1	4088931
MF6_002734	GCF_000959225.1	1	4240604
MF6_002734	GCF_000959245.1	1	3546310
MF6_002734	GCF_000959265.1	1	4121652
MF6_002734	GCF_000959285.1	1	4074547
MF6_002734	GCF_000959305.1	1	3915257
MF6_002734	GCF_000959325.1	1	4067533
MF6_002734	GCF_000959345.1	1	4185347
MF6_002734	GCF_000959365.1	1	4132035
MF6_002734	GCF_000959405.1	1	3559874
MF6_002734	GCF_000959425.1	1	3808029
MF6_002734	GCF_000959445.1	1	3317416
MF6_002734	GCF_000959465.1	1	3560434
MF6_002734	GCF_000959485.1	1	3550623
MF6_002734	GCF_000959505.1	1	3406596
MF6_002734	GCF_000959525.1	1	3428264
MF6_002734	GCF_000959545.1	1	3556555
MF6_002734	GCF_000959605.1	1	3896053
MF6_002734	GCF_000959625.1	1	3542936
MF6_002734	GCF_000959725.1	1	4668573
MF6_002734	GCF_000960995.1	1	3659771
MF6_002734	GCF_000974835.2	1	6419376
MF6_002734	GCF_001028665.1	1	3584103
MF6_002734	GCF_001029145.1	2	3358952
MF6_002734	GCF_001277875.1	1	4038504
MF6_002734	GCF_001277895.1	1	4038845
MF6_002734	GCF_001277975.1	1	4028032
MF6_002734	GCF_001318245.1	1	4112209
MF6_002734	GCF_001411495.1	1	3791734
MF6_002734	GCF_001411805.1	1	4140040
MF6_002734	GCF_001484665.1	1	3822749
MF6_002734	GCF_001513745.1	1	4069152
MF6_002734	GCF_001522105.2	1	4192894
MF6_002734	GCF_001522135.2	1	4131753
MF6_002734	GCF_001522585.2	1	3427375
MF6_002734	GCF_001522635.2	1	4439942
MF6_002734	GCF_001523745.2	1	3838800
MF6_002734	GCF_001523915.2	1	3445340
MF6_002734	GCF_001524445.2	1	4228278
MF6_002734	GCF_001524625.2	1	4077888
MF6_002734	GCF_001524645.2	1	3467548
MF6_002734	GCF_001532025.2	1	4081657
MF6_002734	GCF_001557535.2	1	3397021
MF6_002734	GCF_001606115.1	1	3526250
MF6_002734	GCF_001606135.1	1	7459003
MF6_002734	GCF_001695715.1	1	4061776
MF6_002734	GCF_001695735.1	1	4059297
MF6_002734	GCF_001718295.1	1	3762719
MF6_002734	GCF_001718315.1	1	3333368
MF6_002734	GCF_001718335.1	1	3421021
MF6_002734	GCF_001718355.1	1	3724327
MF6_002734	GCF_001718395.1	1	3728457
MF6_002734	GCF_001718415.1	1	4849929
MF6_002734	GCF_001718495.1	1	3257130
MF6_002734	GCF_001718515.1	1	3461321
MF6_002734	GCF_001718535.1	1	3505262
MF6_002734	GCF_001718555.1	1	3556612
MF6_002734	GCF_001718575.1	1	3756401
MF6_002734	GCF_001718595.1	1	3917337
MF6_002734	GCF_001718615.1	1	3827782
MF6_002734	GCF_001718635.1	1	3897156
MF6_002734	GCF_001718655.1	1	3935154
MF6_002734	GCF_001718695.1	1	3268347
MF6_002734	GCF_001718755.1	1	3525707
MF6_002734	GCF_001718775.1	1	5577538
MF6_002734	GCF_001718795.1	1	3331737
MF6_002734	GCF_001718815.1	1	3308896
MF6_002734	GCF_001718835.1	1	3750729
MF6_002734	GCF_001718855.1	1	3756926
MF6_002734	GCF_001718875.1	1	3663220
MF6_002734	GCF_001718895.1	1	3588848
MF6_002734	GCF_001718915.1	1	3322910
MF6_002734	GCF_001718955.1	1	3703595
MF6_002734	GCF_001718975.1	1	3531036
MF6_002734	GCF_001718995.1	2	2493865
MF6_002734	GCF_001729545.1	1	3553991
MF6_002734	GCF_001742165.1	1	3886092
MF6_002734	GCF_001885195.1	1	4090973
MF6_002734	GCF_001887555.1	1	4054259
MF6_002734	GCF_001887575.1	1	4054192
MF6_002734	GCF_001975065.1	1	3976360
MF6_002734	GCF_001975085.1	1	4050877
MF6_002734	GCF_001975105.1	1	4067698
MF6_002734	GCF_001975125.1	1	4056633
MF6_002734	GCF_001975145.1	1	4056707
MF6_002734	GCF_001980585.2	1	3880126
MF6_002734	GCF_001999785.1	1	7499459
MF6_002734	GCF_001999825.1	1	6339862
MF6_002734	GCF_001999885.1	1	3668000
MF6_002734	GCF_002007585.1	1	3511146
MF6_002734	GCF_002097715.1	1	3737663
MF6_002734	GCF_002110945.1	1	4195298
MF6_002734	GCF_002110965.1	1	4224888
MF6_002734	GCF_002111005.1	1	4062516
MF6_002734	GCF_002111025.1	1	4077823
MF6_002734	GCF_002111045.1	1	4056450
MF6_002734	GCF_002111085.1	1	4121819
MF6_002734	GCF_002111105.1	1	4149750
MF6_002734	GCF_002111125.1	1	4032598
MF6_002734	GCF_002111145.1	1	4047168
MF6_002734	GCF_002111165.1	1	4099199
MF6_002734	GCF_002111205.1	1	4191510
MF6_002734	GCF_002111225.1	1	4012048
MF6_002734	GCF_002111245.1	1	4062501
MF6_002734	GCF_002111265.1	1	4077668
MF6_002734	GCF_002111285.1	1	4191431
MF6_002734	GCF_002111305.1	1	4121864
MF6_002734	GCF_002111325.1	1	4027562
MF6_002734	GCF_002111345.1	1	4046807
MF6_002734	GCF_002111365.1	1	4135235
MF6_002734	GCF_002111385.1	1	4177999
MF6_002734	GCF_002208175.1	1	4668350
MF6_002734	GCF_002209085.2	1	3779906
MF6_002734	GCF_002345985.1	1	3471563
MF6_002734	GCF_002346005.1	1	3623703
MF6_002734	GCF_002346025.1	1	3471484
MF6_002734	GCF_002346045.1	1	3510109
MF6_002734	GCF_002346065.1	1	3558404
MF6_002734	GCF_002346085.1	1	3625848
MF6_002734	GCF_002346105.1	1	3512356
MF6_002734	GCF_002346125.1	1	3507358
MF6_002734	GCF_002346145.1	1	3578566
MF6_002734	GCF_002346165.1	1	3573819
MF6_002734	GCF_002346185.1	1	3045954
MF6_002734	GCF_002346205.1	1	3510032
MF6_002734	GCF_002356275.1	1	3625611
MF6_002734	GCF_002386205.1	1	3967822
MF6_002734	GCF_002393425.1	1	4209407
MF6_002734	GCF_002407525.2	1	3779890
MF6_002734	GCF_002843645.1	1	4019555
MF6_002734	GCF_002860065.1	1	4091945
MF6_002734	GCF_003019945.1	1	3317400
MF6_002734	GCF_003019965.1	1	3428385
MF6_002734	GCF_003020025.1	1	3819771
MF6_002734	GCF_003020185.1	1	3827809
MF6_002734	GCF_003076415.1	1	3497405
MF6_002734	GCF_003233675.1	1	3723585
MF6_002734	GCF_003330765.1	1	3619008
MF6_002734	GCF_003366075.1	1	3591606
MF6_002734	GCF_003445415.1	1	4033039
MF6_002734	GCF_003546465.1	1	3779447
MF6_002734	GCF_003547015.1	1	4066496
MF6_002734	GCF_003547035.1	1	3987008
MF6_002734	GCF_003547055.1	1	4013273
MF6_002734	GCF_003568605.1	1	3986340
MF6_002734	GCF_003606245.1	1	4075641
MF6_002734	GCF_003613595.1	1	4668533
MF6_002734	GCF_003614815.1	1	3862564
MF6_002734	GCF_003614835.1	1	3801254
MF6_002734	GCF_003704285.1	1	3617292
MF6_002734	GCF_003711145.1	1	3927314
MF6_002734	GCF_003713105.1	1	4171651
MF6_002734	GCF_003798245.1	1	4098323
MF6_002734	GCF_003798265.1	1	4007610
MF6_002734	GCF_003798365.1	1	4003948
MF6_002734	GCF_003812365.1	1	3356899
MF6_002734	GCF_003812585.1	1	3239301
MF6_002734	GCF_003812965.1	1	3705094
MF6_002734	GCF_003813045.1	1	3406611
MF6_002734	GCF_003966315.1	1	3645818
MF6_002734	GCF_004323015.1	1	3859639
MF6_002734	GCF_004323035.1	1	3852886
MF6_002734	GCF_004348055.1	1	3854943
MF6_002734	GCF_004348075.1	1	3850633
MF6_002734	GCF_004367665.1	1	3842045
MF6_002734	GCF_004367685.1	1	3855598
MF6_002734	GCF_004367705.1	1	3847660
MF6_002734	GCF_004367725.1	1	3842655
MF6_002734	GCF_004526325.1	1	3866281
MF6_002734	GCF_004842085.1	1	3800466
MF6_002734	GCF_005853645.1	1	4017865
MF6_002734	GCF_005862325.1	1	3987244
MF6_002734	GCF_005937855.2	1	3530666
MF6_002734	GCF_006094315.1	1	3781435
MF6_002734	GCF_007556815.1	1	4485011
MF6_002734	GCF_007724625.1	1	3904889
MF6_002734	GCF_008693485.1	1	3559578
MF6_002734	GCF_008693525.1	1	3559579
MF6_002734	GCF_008728255.1	1	3932929
MF6_002734	GCF_008728275.1	1	3932431
MF6_002734	GCF_008728295.1	1	3934903
MF6_002734	GCF_008728315.1	1	3931933
MF6_002734	GCF_008728335.1	1	3933419
MF6_002734	GCF_008728355.1	1	3931555
MF6_002734	GCF_008728375.1	1	3933317
MF6_002734	GCF_009191525.1	1	3618903
MF6_002734	GCF_009578005.1	1	3712850
MF6_002734	GCF_009586235.1	1	3688624
MF6_002734	GCF_009730035.1	1	3422468
MF6_002734	GCF_009730175.1	1	3350628
MF6_002734	GCF_009730195.1	1	3432204
MF6_002734	GCF_009749345.1	1	4009467
MF6_002734	GCF_009755625.1	1	3643456
MF6_002734	GCF_009857095.1	1	3629551
MF6_002734	GCF_009931375.1	1	3537953
MF6_002734	GCF_011039955.1	1	3989243
MF6_002734	GCF_011493005.1	1	4010354
MF6_002734	GCF_011578485.1	1	3725540
MF6_002734	GCF_012974245.1	1	3611155
MF6_002734	GCF_013122645.1	1	3532897
MF6_002734	GCF_013307145.1	1	3601960
MF6_002734	GCF_013307165.1	1	3596519
MF6_002734	GCF_013822785.1	1	3233781
MF6_002734	GCF_014211915.1	1	3507573
MF6_002734	GCF_014263355.1	1	4272194
MF6_002734	GCF_014357995.1	1	3673077
MF6_002734	GCF_014854795.1	1	3683734
MF6_002734	GCF_016026055.1	1	3659799
MF6_002734	GCF_016027435.1	1	4192837
MF6_002734	GCF_016027455.1	1	4068027
MF6_002734	GCF_016127755.1	1	3556545
MF6_002734	GCF_016458785.1	1	3480598
MF6_002734	GCF_016458805.1	1	3464850
MF6_002734	GCF_016598875.1	1	3659785
MF6_002734	GCF_016698705.1	1	4180205
MF6_002734	GCF_016774495.1	1	3830943
MF6_002734	GCF_016864355.1	1	4166395
MF6_002734	GCF_016889205.1	1	3406606
MF6_002734	GCF_016899425.1	1	3563380
MF6_002734	GCF_016899445.1	1	3538138
MF6_002734	GCF_017165175.1	1	3416863
MF6_002734	GCF_017165195.1	1	3330593
MF6_002734	GCF_017165475.1	1	3329413
MF6_002734	GCF_017165495.1	1	3328426
MF6_002734	GCF_017165515.1	1	3328959
MF6_002734	GCF_017165535.1	1	3329349
MF6_002734	GCF_017165555.1	1	3328147
MF6_002734	GCF_017378155.1	1	4046673
MF6_002734	GCF_017378195.1	1	4117487
MF6_002734	GCF_017378235.1	1	3924767
MF6_002734	GCF_017378275.1	1	4071067
MF6_002734	GCF_017378315.2	1	4071728
MF6_002734	GCF_017378355.1	1	4049558
MF6_002734	GCF_017378435.1	1	4044757
MF6_002734	GCF_017514945.1	1	3942398
MF6_002734	GCF_017815595.1	1	3230902
MF6_002734	GCF_017815615.1	1	3328387
MF6_002734	GCF_017858835.1	1	3761157
MF6_002734	GCF_018223765.1	1	3737356
MF6_002734	GCF_018223785.1	1	3844277
MF6_002734	GCF_018223805.1	1	3704668
MF6_002734	GCF_018228345.1	1	3947811
MF6_002734	GCF_018228385.1	1	3990066
MF6_002734	GCF_018228525.1	1	3995906
MF6_002734	GCF_018228545.1	1	3944884
MF6_002734	GCF_018228565.1	1	3945139
MF6_002734	GCF_018228585.1	1	3985679
MF6_002734	GCF_018228605.1	1	3985970
MF6_002734	GCF_018228625.1	1	3809848
MF6_002734	GCF_018417535.1	1	3911642
MF6_002734	GCF_018771365.1	1	4046877
MF6_002734	GCF_019915365.1	1	3770220
MF6_002734	GCF_019930785.1	1	3410295
MF6_002734	GCF_020099355.1	1	3317416
MF6_002734	GCF_020736245.1	1	3408891
MF6_002734	GCF_020843905.1	1	3458711
MF6_002734	GCF_020843925.1	1	3485251
MF6_002734	GCF_020843945.1	1	3516315
MF6_002734	GCF_020843965.1	1	3525632
MF6_002734	GCF_020843985.1	1	3493642
MF6_002734	GCF_021344035.2	2	3787680
MF6_002734	GCF_021484945.1	1	3739938
MF6_002734	GCF_021535065.1	1	3525059
MF6_002734	GCF_021899435.1	1	3810362
MF6_002734	GCF_022213445.1	1	3402659
MF6_002734	GCF_022533485.1	1	3627156
MF6_002734	GCF_022809715.1	1	3636047
MF6_002734	GCF_023053515.1	1	3808121
MF6_002734	GCF_023373625.1	1	3570861
MF6_002734	GCF_023373645.1	1	3570838
MF6_002734	GCF_023373665.1	1	3398546
MF6_002734	GCF_023373685.1	1	3398495
MF6_002734	GCF_023373725.1	1	3275779
MF6_002734	GCF_023374315.1	1	3359399
MF6_002734	GCF_023374335.1	1	3511327
MF6_002734	GCF_023374355.1	1	3398001
MF6_002734	GCF_023374375.1	1	3466987
MF6_002734	GCF_023374395.1	1	3360663
MF6_002734	GCF_023374415.1	1	3465544
MF6_002734	GCF_023374435.1	1	3484443
MF6_002734	GCF_023374455.1	1	3365308
MF6_002734	GCF_023374475.1	1	4997612
MF6_002734	GCF_023374495.1	1	3393740
MF6_002734	GCF_023374515.1	1	3374995
MF6_002734	GCF_023374535.1	1	3374577
MF6_002734	GCF_023374575.1	1	3569564
MF6_002734	GCF_023374595.1	1	3465546
MF6_002734	GCF_023374615.1	1	3365315
MF6_002734	GCF_023374635.1	1	3347122
MF6_002734	GCF_023374655.1	1	3378067
MF6_002734	GCF_023374675.1	1	3639129
MF6_002734	GCF_023374695.1	1	3383971
MF6_002734	GCF_023374715.1	1	3639150
MF6_002734	GCF_023374735.1	1	3414095
MF6_002734	GCF_023374755.1	1	3400005
MF6_002734	GCF_023374775.1	1	3488591
MF6_002734	GCF_023374795.1	1	3369738
MF6_002734	GCF_023374815.1	1	3440126
MF6_002734	GCF_023374835.1	1	3511529
MF6_002734	GCF_023374855.1	1	3511584
MF6_002734	GCF_023374875.1	1	3465547
MF6_002734	GCF_023374895.1	1	3372199
MF6_002734	GCF_023658595.1	1	4166767
MF6_002734	GCF_024022955.1	1	3746832
MF6_002734	GCF_024381035.2	1	3787783
MF6_002734	GCF_024600575.1	1	3611571
MF6_002734	GCF_024661975.1	1	3812061
MF6_002734	GCF_024662395.1	1	3738765
MF6_002734	GCF_024662415.1	1	3644544
MF6_002734	GCF_024662435.1	1	3791140
MF6_002734	GCF_024662455.1	1	3726678
MF6_002734	GCF_024662475.1	1	3912005
MF6_002734	GCF_024662615.1	1	3912005
MF6_002734	GCF_024662735.1	1	3912005
MF6_002734	GCF_024662895.1	1	3912005
MF6_002734	GCF_024663015.1	1	3673124
MF6_002734	GCF_024663135.1	1	3625957
MF6_002734	GCF_024663255.1	1	3738765
MF6_002734	GCF_024663375.1	1	3912005
MF6_002734	GCF_024663615.1	1	3912004
MF6_002734	GCF_024663775.1	1	3912005
MF6_002734	GCF_024663895.1	1	3912005
MF6_002734	GCF_024663975.1	1	3912006
MF6_002734	GCF_024663995.1	1	3912004
MF6_002734	GCF_024664015.1	1	3690419
MF6_002734	GCF_024664035.1	1	3912006
MF6_002734	GCF_024664055.1	1	3827400
MF6_002734	GCF_024664075.1	1	3779053
MF6_002734	GCF_024664095.1	1	3702773
MF6_002734	GCF_024664115.1	1	3734736
MF6_002734	GCF_024664135.1	1	3593726
MF6_002734	GCF_024664155.1	1	3912005
MF6_002734	GCF_024664175.1	1	3912005
MF6_002734	GCF_024664195.1	1	3764216
MF6_002734	GCF_024664215.1	1	3625957
MF6_002734	GCF_024664235.1	1	3651865
MF6_002734	GCF_024664255.1	1	3775023
MF6_002734	GCF_024664275.1	1	6490471
MF6_002734	GCF_024730645.1	1	3561162
MF6_002734	GCF_024732225.1	1	3713209
MF6_002734	GCF_024760585.1	1	4105390
MF6_002734	GCF_024760605.1	1	3742794
MF6_002734	GCF_024760625.1	1	3815313
MF6_002734	GCF_024760645.1	1	6450182
MF6_002734	GCF_025244785.1	1	4167159
MF6_002734	GCF_025560745.1	1	3696988
MF6_002734	GCF_025643495.1	1	3495006
MF6_002734	GCF_025643515.1	1	3846952
MF6_002734	GCF_025643555.1	1	3417441
MF6_002734	GCF_025643575.1	1	3777894
MF6_002734	GCF_026315005.1	1	4070995
MF6_002734	GCF_026315025.1	1	4018017
MF6_002734	GCF_026315045.1	1	4018161
MF6_002734	GCF_026651625.1	1	4282277
MF6_002734	GCF_026651975.1	1	3912007
MF6_002734	GCF_026651995.1	1	3912007
MF6_002734	GCF_026652015.1	1	3912007
MF6_002734	GCF_026683835.2	1	3490225
MF6_002734	GCF_026683855.2	1	3556328
MF6_002734	GCF_026683875.2	1	3555659
MF6_002734	GCF_026958255.1	1	3495354
MF6_002734	GCF_028201395.1	1	3880899
MF6_002734	GCF_028462305.2	1	3708767
MF6_002734	GCF_028657905.1	1	3899588
MF6_002734	GCF_029536165.1	1	3926784
MF6_002734	GCF_029590335.1	1	3799460
MF6_002734	GCF_029633645.1	1	3531688
MF6_002734	GCF_029633805.1	1	3730746
MF6_002734	GCF_029633825.1	1	3816246
MF6_002734	GCF_029910195.1	1	4252710
MF6_002734	GCF_029962485.1	1	3544176
MF6_002734	GCF_030078435.1	1	3314184
MF6_002734	GCF_030297195.1	1	3958117
MF6_002734	GCF_030297215.1	1	4060923
MF6_002734	GCF_030297235.1	1	4050793
MF6_002734	GCF_030297255.1	1	3937683
MF6_002734	GCF_030297275.1	1	4035111
MF6_002734	GCF_030297295.1	1	3997477
MF6_002734	GCF_030297315.1	1	3937533
MF6_002734	GCF_030297335.1	1	4104708
MF6_002734	GCF_030297355.1	1	3957973
MF6_002734	GCF_030316055.1	1	3124405
MF6_002734	GCF_030316075.1	1	3128458
MF6_002734	GCF_030374675.1	1	3584230
MF6_002734	GCF_030505635.1	2	3417499
MF6_002734	GCF_030644525.1	1	4199852
MF6_002734	GCF_030848725.1	1	3298494
MF6_002734	GCF_033675275.1	1	3920696
MF6_002734	GCF_033675305.1	1	3823994
MF6_002734	GCF_033675325.1	1	3848587
MF6_002734	GCF_033870355.1	2	2668693
MF6_002734	GCF_033870375.1	1	3558661
MF6_002734	GCF_033870395.1	1	5822796
MF6_002734	GCF_033956065.1	1	3510110
MF6_002734	GCF_034424375.1	1	6677280
MF6_002734	GCF_035621555.1	1	3804194
MF6_002734	GCF_036352035.1	1	3512161
MF6_002734	GCF_036362805.1	1	3363426
MF6_002734	GCF_036837415.1	1	4358639
MF6_002734	GCF_036839165.1	1	4358648
MF6_002734	GCF_037055255.1	1	3779152
MF6_002734	GCF_037101275.1	1	3445782
MF6_002734	GCF_038452255.1	1	3727794
MF6_002734	GCF_038723655.1	1	3651544
MF6_002734	GCF_038782865.1	1	4682183
MF6_002734	GCF_038983115.1	1	3964337
MF6_002734	GCF_038983225.1	1	3964321
MF6_002734	GCF_039728355.1	1	3780142
MF6_002734	GCF_039848545.1	1	3664175
MF6_002734	GCF_040215475.1	1	3637183
MF6_002734	GCF_040735455.1	1	3533168
MF6_002734	GCF_040761425.1	1	3809753
MF6_002734	GCF_041070875.1	1	3600495
MF6_002734	GCF_041205585.2	1	3538567
MF6_002734	GCF_042604585.1	1	4159160
MF6_002734	GCF_042604595.1	1	4218485
MF6_002734	GCF_043193125.1	1	3564602
MF6_002734	GCF_044057485.1	1	3612598
MF6_002734	GCF_044501195.1	1	3704100
MF6_002734	GCF_045345775.1	1	3559746
MF6_002734	GCF_045862465.1	1	4563288
MF6_002734	GCF_045925845.1	1	3687230
MF6_002734	GCF_046773525.1	1	3764863
MF6_002734	GCF_047127275.1	1	3731061
MF6_002734	GCF_047497155.1	1	4330113
MF6_002734	GCF_047497165.1	1	4232728
MF6_002734	GCF_047902435.1	1	3790643
MF6_002734	GCF_048565175.1	1	4218311
MF6_002734	GCF_048565265.1	1	3718748
MF6_002734	GCF_048627025.1	1	3646165
MF6_002734	GCF_048688115.1	1	3929948
MF6_002734	GCF_048917655.1	1	4163677
MF6_002734	GCF_048917665.1	1	4163896
MF6_002734	GCF_048917685.1	1	4163675
MF6_002734	GCF_049487195.1	1	3615827
MF6_002734	GCF_049913365.1	1	3535213
MF6_002734	GCF_049942845.1	1	3524452
MF6_002734	GCF_050320195.1	1	4015981
MF6_002734	GCF_050613125.1	1	4217528
MF6_002734	GCF_050613135.1	1	3636339
MF6_002734	GCF_050632305.1	1	3611118
MF6_002734	GCF_050632315.1	1	3611832
MF6_002734	GCF_050632325.1	1	3756401
MF6_002734	GCF_050632335.1	1	3611822
MF6_002734	GCF_050632345.1	1	3611841
MF6_002734	GCF_050632355.1	1	3636668
MF6_002734	GCF_050813845.1	1	4012682
MF6_002734	GCF_050920555.1	1	4316582
MF6_002734	GCF_051355645.1	1	3694126
MF6_002734	GCF_051560065.1	1	4021247
MF6_002734	GCF_051560085.1	1	3971785
MF6_002734	GCF_051560105.1	1	4052639
MF6_002734	GCF_051560125.1	1	4045573
MF6_002734	GCF_051560145.1	1	4024493
MF6_002734	GCF_052222725.1	1	4234222
MF6_002734	GCF_052854005.1	1	4058535
MF6_002734	GCF_052854015.1	1	4142467
MF6_002734	GCF_052854305.1	1	4063971
MF6_002734	GCF_052854315.1	1	4263701
MF6_002734	GCF_052854605.1	1	4051624
MF6_002734	GCF_052854615.1	1	4051444
MF6_002734	GCF_052854885.1	1	4087561
MF6_002734	GCF_052854895.1	1	3971349
MF6_002734	GCF_052855305.1	1	4088868
MF6_002734	GCF_052855315.1	1	4051722
MF6_002734	GCF_052855605.1	1	4038557
MF6_002734	GCF_052855615.1	1	4007748
MF6_002734	GCF_052855985.1	1	4007637
MF6_002734	GCF_052856205.1	1	3906615
MF6_002734	GCF_052857015.1	1	3951380
MF6_002734	GCF_052857225.1	1	3976171
MF6_002734	GCF_052857935.1	1	4009207
MF6_002734	GCF_052858145.1	1	4080232
MF6_002734	GCF_052858685.1	1	4091997
MF6_002734	GCF_052858755.1	1	4092017
MF6_002734	GCF_053038975.1	1	3504123
MF6_002734	GCF_053153985.1	1	3292540
MF6_002734	GCF_053209605.1	1	3503982
MF6_002734	GCF_053348855.1	1	3580165
MF6_002734	GCF_053470105.1	1	4292444
MF6_002734	GCF_053470145.1	1	4292446
MF6_002734	GCF_054073385.1	1	3615813
MF6_002734	GCF_054073395.1	1	3667483
MF6_002734	GCF_054166185.1	1	3551557
MF6_002734	GCF_054187845.1	1	4134938
MF6_002734	GCF_054558305.1	1	3623305
MF6_002734	GCF_054955335.1	1	6953363
MF6_002734	GCF_055386035.1	1	4393699
MF6_002734	GCF_055387925.1	1	3545820
MF6_002734	GCF_055397665.1	1	3557849
MF6_002734	GCF_055397955.1	1	4287547
MF6_002734	GCF_055810255.1	1	3725482
MF6_002734	GCF_056640905.1	1	3550458
MF6_002734	GCF_056783395.1	1	3680772
MF6_002734	GCF_057005415.2	1	3768457
MF6_002734	GCF_057369595.1	1	3577940
MF6_002734	GCF_057439935.1	1	3577940
MF6_002734	GCF_058448765.1	1	4208177
MF6_002734	GCF_059089405.1	1	3634232
MF6_002734	GCF_902141795.1	1	3987008
MF6_002734	GCF_902141815.1	1	4066496
MF6_002734	GCF_902141835.1	1	4013273
MF6_002734	GCF_904865725.1	1	3799937
MF6_002734	GCF_905400185.1	1	3575181
MF6_002734	GCF_939576165.1	1	5647473
MF6_002734	GCF_964264985.1	1	3585571
MF6_002734	GCF_964264995.1	1	3689806
MF6_002734	GCF_964265005.1	1	3689843
MF6_002734	GCF_964265015.1	1	3945256
MF6_002734	GCF_964265025.1	1	3917836
MF6_002734	GCF_965118185.1	1	4117855
MF6_002734	GCF_965199385.1	1	3960616
MF6_002734	GCF_965199395.1	1	3978699
MF6_002734	GCF_965199405.1	1	3963159
MF6_002734	GCF_965199425.1	1	3960129
MF6_002734	GCF_965199435.1	1	3960448
MF6_002734	GCF_965199445.1	1	3960138
MF6_002734	GCF_965199455.1	1	3960447
MF6_002734	GCF_965199515.1	1	3961601
MF6_002734	GCF_965199545.1	1	3963009
MF6_002734	GCF_965199625.1	1	3962433
MF6_002734	GCF_965199835.1	1	4100445
MF6_002734	GCF_965199925.1	1	4178342
MF6_002734	GCF_965201125.1	1	4199711
MF6_002734	GCF_965202565.1	1	4100101
MF6_002734	GCF_965211575.1	1	3960027
MF6_002734	GCF_965211595.1	1	3961589
MF6_002734	GCF_980295165.1	1	3999849
MF6_002734	GCF_980300355.1	1	3996870
MF6_002734	GCF_980300905.1	1	4051212
MF6_002734	GCF_980300945.1	1	4052460
MF6_002734	GCF_980300965.1	1	4155369
MF6_002734	GCF_984667665.1	1	3630971
MF6_002734	GCF_984667675.1	1	3681322
MF6_002734	GCF_984667725.1	1	3700756
MF6_002734	GCF_984667835.1	1	3656760
MF6_002734	GCF_984667895.1	1	3701063
MF6_002734	GCF_984667945.1	1	3676711
MF6_002734	GCF_984667955.1	1	3614124
MF6_002734	GCF_984667975.1	1	3609742
MF6_002734	GCF_984668005.1	1	3790333
MF6_002734	GCF_984668195.1	1	3724312
MF6_002734	GCF_984668265.1	1	3550230
MF6_002734	GCF_984668355.1	1	3772722
MF6_002734	GCF_984668395.1	1	3700732
MF6_002734	GCF_984668525.1	1	3512147
MF6_002734	GCF_984669265.1	1	3668084
MF6_002734	GCF_984669325.1	1	3609742
MF6_002734	GCF_984669335.1	1	3724193
MF6_002734	GCF_984669415.1	1	3676711
MF6_002734	GCF_984669565.1	1	3629775
MF6_002734	GCF_984669585.1	1	3624047
MF6_002734	GCF_984669685.1	1	3701045
MF6_002734	GCF_984669705.1	1	3602122
MF6_002734	GCF_984671675.1	1	3712491
MF6_002734	GCF_984671695.1	1	3729666
MF6_002734	MF6	1	3592343
MF6_002734	MF7	5	513992
MF6_003184	GCA_029762415.1	2	3892275
MF6_003184	GCA_048918525.1	1	4163892
MF6_003184	GCF_000016205.1	1	3652814
MF6_003184	GCF_000194745.1	1	4413616
MF6_003184	GCF_000959445.1	1	3317416
MF6_003184	GCF_000959725.1	1	4668573
MF6_003184	GCF_001523745.2	1	3838800
MF6_003184	GCF_002208175.1	1	4668350
MF6_003184	GCF_002393425.1	1	4209407
MF6_003184	GCF_003019945.1	1	3317400
MF6_003184	GCF_003368325.1	1	4531000
MF6_003184	GCF_003613595.1	1	4668533
MF6_003184	GCF_003713105.1	2	4002946
MF6_003184	GCF_003812585.1	1	3239301
MF6_003184	GCF_009730195.1	1	3432204
MF6_003184	GCF_009931375.1	2	2763738
MF6_003184	GCF_013307145.1	2	2783312
MF6_003184	GCF_014263355.1	2	3985347
MF6_003184	GCF_016698705.1	2	3913767
MF6_003184	GCF_016899425.1	1	3563380
MF6_003184	GCF_020099355.1	1	3317416
MF6_003184	GCF_020843945.1	1	3516315
MF6_003184	GCF_020843965.1	1	3525632
MF6_003184	GCF_020843985.1	1	3493642
MF6_003184	GCF_023658595.1	2	3872622
MF6_003184	GCF_025244785.1	1	4167159
MF6_003184	GCF_025560745.1	3	1195610
MF6_003184	GCF_026651625.1	2	3986150
MF6_003184	GCF_029962485.1	1	3544176
MF6_003184	GCF_030078435.1	1	3314184
MF6_003184	GCF_034424545.1	1	4294907
MF6_003184	GCF_036837415.1	2	3979285
MF6_003184	GCF_036839165.1	2	3979224
MF6_003184	GCF_040314805.1	1	4294889
MF6_003184	GCF_042604585.1	2	3964551
MF6_003184	GCF_042604595.1	2	4046521
MF6_003184	GCF_045862465.1	1	4563288
MF6_003184	GCF_048565175.1	2	4000879
MF6_003184	GCF_048917655.1	1	4163677
MF6_003184	GCF_048917665.1	2	3834690
MF6_003184	GCF_048917685.1	1	4163675
MF6_003184	GCF_050613125.1	2	4049529
MF6_003184	GCF_050632355.1	1	3636668
MF6_003184	GCF_050920555.1	2	3916618
MF6_003184	GCF_052222725.1	2	3914413
MF6_003184	GCF_053038975.1	1	3504123
MF6_003184	GCF_053209605.1	1	3503982
MF6_003184	GCF_053470105.1	1	4292444
MF6_003184	GCF_053470145.1	1	4292446
MF6_003184	GCF_054166185.1	1	3551557
MF6_003184	GCF_054187845.1	1	4134938
MF6_003184	GCF_055386035.1	1	4393699
MF6_003184	GCF_055397955.1	2	3924332
MF6_003184	GCF_056591095.1	1	4047245
MF6_003184	GCF_058448765.1	2	3851263
MF6_003184	GCF_905400185.1	1	3575181
MF6_003184	GCF_964265025.1	1	3917836
MF6_003184	GCF_965118185.1	1	4117855
MF6_003184	GCF_980300905.1	1	4051212
MF6_003184	GCF_980300945.1	1	4052460
MF6_003184	GCF_984668525.1	3	1253739
MF6_003184	MF6	1	3592343
MF6_003184	MF7	10	263971
MF6_003684_2514_2867	GCF_016899425.1	3	1180421
MF6_003684_2514_2867	GCF_030374675.1	3	1022242
MF6_003684_2514_2867	GCF_040735455.1	3	1062595
MF6_003684_2514_2867	GCF_045345775.1	3	1087154
MF6_003684_2514_2867	GCF_053038975.1	3	1244422
MF6_003684_2514_2867	GCF_053209605.1	3	1244416
MF6_003684_2514_2867	GCF_905400185.1	3	1347483
MF6_003684_2514_2867	MF6	3	1179882
MF6_003684_2514_2867	MF7	3	857810
MF6_003684_full	GCF_016899425.1	3	1180421
MF6_003684_full	GCF_030374675.1	3	1022242
MF6_003684_full	GCF_040735455.1	3	1062595
MF6_003684_full	GCF_045345775.1	3	1087154
MF6_003684_full	GCF_053038975.1	3	1244422
MF6_003684_full	GCF_053209605.1	3	1244416
MF6_003684_full	GCF_905400185.1	3	1347483
MF6_003684_full	MF6	3	1179882
MF6_003684_full	MF7	3	857810
MF6_003843	GCA_017356705.2	2	3213568
MF6_003843	GCA_017356725.2	2	3240692
MF6_003843	GCA_964417475.2	2	3240568
MF6_003843	GCA_965199415.1	2	3221869
MF6_003843	GCA_980298765.1	2	3093861
MF6_003843	GCF_000009485.1	3	875977
MF6_003843	GCF_000011545.1	2	3173005
MF6_003843	GCF_000011705.1	2	2325379
MF6_003843	GCF_000012365.1	2	2914771
MF6_003843	GCF_000012785.1	2	3181762
MF6_003843	GCF_000012945.1	3	1395069
MF6_003843	GCF_000015605.1	2	2284095
MF6_003843	GCF_000015625.1	2	2352693
MF6_003843	GCF_000015905.1	2	3127456
MF6_003843	GCF_000015925.1	2	3100794
MF6_003843	GCF_000019505.1	3	1224595
MF6_003843	GCF_000019925.1	2	2769414
MF6_003843	GCF_000203915.1	2	2646969
MF6_003843	GCF_000203955.1	3	1055417
MF6_003843	GCF_000236215.2	3	1039263
MF6_003843	GCF_000260515.1	2	3138747
MF6_003843	GCF_000294635.1	2	3153284
MF6_003843	GCF_000385525.1	2	2763585
MF6_003843	GCF_000439695.1	2	3373917
MF6_003843	GCF_000494855.1	2	3340068
MF6_003843	GCF_000511895.1	2	3361913
MF6_003843	GCF_000511915.1	2	3245956
MF6_003843	GCF_000520895.1	2	3248143
MF6_003843	GCF_000521645.1	2	3245118
MF6_003843	GCF_000567905.1	2	2940942
MF6_003843	GCF_000567925.1	2	2914718
MF6_003843	GCF_000567945.1	2	2852101
MF6_003843	GCF_000583835.1	2	3391010
MF6_003843	GCF_000701165.1	3	1290392
MF6_003843	GCF_000705535.2	3	1448576
MF6_003843	GCF_000706745.1	2	2821713
MF6_003843	GCF_000755765.1	2	3386014
MF6_003843	GCF_000755785.1	2	2325354
MF6_003843	GCF_000755805.1	3	1180302
MF6_003843	GCF_000755825.1	2	3214293
MF6_003843	GCF_000755845.1	2	2146721
MF6_003843	GCF_000755865.1	2	2093560
MF6_003843	GCF_000755885.1	2	2096906
MF6_003843	GCF_000755905.1	2	3194122
MF6_003843	GCF_000755925.1	2	3200711
MF6_003843	GCF_000755945.1	2	3146583
MF6_003843	GCF_000755965.1	2	3236215
MF6_003843	GCF_000755985.1	2	3121665
MF6_003843	GCF_000756025.1	2	2321567
MF6_003843	GCF_000756065.1	2	3236977
MF6_003843	GCF_000756085.1	2	3138647
MF6_003843	GCF_000756125.1	2	3100174
MF6_003843	GCF_000756145.1	2	3102140
MF6_003843	GCF_000756165.1	2	3008404
MF6_003843	GCF_000756185.1	2	3244818
MF6_003843	GCF_000757015.2	2	3225565
MF6_003843	GCF_000757035.2	2	3184745
MF6_003843	GCF_000762285.1	2	2351417
MF6_003843	GCF_000764575.1	2	3248948
MF6_003843	GCF_000764595.1	2	2823176
MF6_003843	GCF_000765375.1	2	2870750
MF6_003843	GCF_000770395.1	2	3194326
MF6_003843	GCF_000770455.1	2	3256009
MF6_003843	GCF_000770495.1	2	3227179
MF6_003843	GCF_000770515.1	2	3327069
MF6_003843	GCF_000770535.1	2	3263576
MF6_003843	GCF_000770565.1	2	3267160
MF6_003843	GCF_000808035.2	2	2966450
MF6_003843	GCF_000953095.1	2	3117372
MF6_003843	GCF_000954175.1	2	3039355
MF6_003843	GCF_000959125.1	2	3145454
MF6_003843	GCF_000959145.1	2	3216446
MF6_003843	GCF_000959165.1	2	2284094
MF6_003843	GCF_000959185.1	2	3108026
MF6_003843	GCF_000959205.1	2	3267445
MF6_003843	GCF_000959225.1	2	3205965
MF6_003843	GCF_000959245.1	2	2722556
MF6_003843	GCF_000959265.1	2	3260260
MF6_003843	GCF_000959285.1	2	3173067
MF6_003843	GCF_000959305.1	2	3127457
MF6_003843	GCF_000959325.1	2	2913181
MF6_003843	GCF_000959345.1	2	3190204
MF6_003843	GCF_000959365.1	2	3002987
MF6_003843	GCF_000959405.1	2	2353260
MF6_003843	GCF_000959425.1	2	2914772
MF6_003843	GCF_000959465.1	2	2126012
MF6_003843	GCF_000959485.1	2	1858539
MF6_003843	GCF_000959545.1	2	2646970
MF6_003843	GCF_000959605.1	2	2897757
MF6_003843	GCF_000959625.1	2	2237503
MF6_003843	GCF_001028665.1	3	1049005
MF6_003843	GCF_001029145.1	3	1627712
MF6_003843	GCF_001277875.1	2	3228004
MF6_003843	GCF_001277895.1	2	3227965
MF6_003843	GCF_001277975.1	2	3156645
MF6_003843	GCF_001318245.1	2	3147816
MF6_003843	GCF_001411495.1	3	1196214
MF6_003843	GCF_001484665.1	3	989585
MF6_003843	GCF_001513745.1	2	2913543
MF6_003843	GCF_001522105.2	2	3126684
MF6_003843	GCF_001522135.2	2	3003039
MF6_003843	GCF_001522635.2	2	2917588
MF6_003843	GCF_001523745.2	2	2752114
MF6_003843	GCF_001524445.2	2	2824254
MF6_003843	GCF_001524625.2	2	2934072
MF6_003843	GCF_001532025.2	2	2832141
MF6_003843	GCF_001606115.1	3	1271875
MF6_003843	GCF_001606135.1	2	1072666
MF6_003843	GCF_001695715.1	2	3256300
MF6_003843	GCF_001695735.1	2	3254339
MF6_003843	GCF_001718295.1	2	2966282
MF6_003843	GCF_001718355.1	2	3052802
MF6_003843	GCF_001718535.1	3	1093546
MF6_003843	GCF_001718555.1	3	900512
MF6_003843	GCF_001718575.1	3	1211521
MF6_003843	GCF_001718595.1	2	2822193
MF6_003843	GCF_001718615.1	2	2940149
MF6_003843	GCF_001718635.1	2	2895326
MF6_003843	GCF_001718655.1	2	3000610
MF6_003843	GCF_001718835.1	2	3417004
MF6_003843	GCF_001718855.1	2	3435939
MF6_003843	GCF_001718875.1	2	2042468
MF6_003843	GCF_001718895.1	3	1121886
MF6_003843	GCF_001718955.1	2	3001569
MF6_003843	GCF_001718975.1	2	3094056
MF6_003843	GCF_001729545.1	2	2226175
MF6_003843	GCF_001742165.1	3	1322975
MF6_003843	GCF_001885195.1	2	3190235
MF6_003843	GCF_001887555.1	2	3236690
MF6_003843	GCF_001887575.1	2	3236690
MF6_003843	GCF_001975065.1	2	3272138
MF6_003843	GCF_001975085.1	2	3249730
MF6_003843	GCF_001975105.1	2	3249682
MF6_003843	GCF_001975125.1	2	3380426
MF6_003843	GCF_001975145.1	2	3380273
MF6_003843	GCF_001980585.2	2	3118370
MF6_003843	GCF_001999785.1	1	7499459
MF6_003843	GCF_001999825.1	2	1055047
MF6_003843	GCF_001999885.1	3	964521
MF6_003843	GCF_002007585.1	3	1056196
MF6_003843	GCF_002097715.1	2	3308659
MF6_003843	GCF_002110945.1	2	3287088
MF6_003843	GCF_002110965.1	2	3273436
MF6_003843	GCF_002111005.1	2	3267867
MF6_003843	GCF_002111025.1	2	3266006
MF6_003843	GCF_002111045.1	2	3263237
MF6_003843	GCF_002111085.1	2	3260317
MF6_003843	GCF_002111105.1	2	3084746
MF6_003843	GCF_002111125.1	2	3212183
MF6_003843	GCF_002111145.1	2	3138916
MF6_003843	GCF_002111165.1	2	3245772
MF6_003843	GCF_002111205.1	2	3078985
MF6_003843	GCF_002111225.1	2	3188810
MF6_003843	GCF_002111245.1	2	3267789
MF6_003843	GCF_002111265.1	2	3265934
MF6_003843	GCF_002111285.1	2	3245094
MF6_003843	GCF_002111305.1	2	3306540
MF6_003843	GCF_002111325.1	2	3207929
MF6_003843	GCF_002111345.1	2	3144330
MF6_003843	GCF_002111365.1	2	3248554
MF6_003843	GCF_002111385.1	2	3269674
MF6_003843	GCF_002209085.2	3	1187984
MF6_003843	GCF_002345985.1	2	2120306
MF6_003843	GCF_002346005.1	2	2105279
MF6_003843	GCF_002346025.1	2	2120565
MF6_003843	GCF_002346045.1	2	2325357
MF6_003843	GCF_002346065.1	2	2104778
MF6_003843	GCF_002346085.1	2	2106749
MF6_003843	GCF_002346105.1	2	2185904
MF6_003843	GCF_002346125.1	2	2240464
MF6_003843	GCF_002346145.1	2	2146721
MF6_003843	GCF_002346165.1	2	2120572
MF6_003843	GCF_002346185.1	2	2728358
MF6_003843	GCF_002346205.1	2	2226558
MF6_003843	GCF_002356275.1	3	932264
MF6_003843	GCF_002386205.1	2	2762025
MF6_003843	GCF_002407525.2	3	1187978
MF6_003843	GCF_002843645.1	2	3258775
MF6_003843	GCF_002860065.1	2	3130290
MF6_003843	GCF_003020025.1	2	2853041
MF6_003843	GCF_003020185.1	2	2940845
MF6_003843	GCF_003076415.1	3	713299
MF6_003843	GCF_003233675.1	3	1483367
MF6_003843	GCF_003445415.1	2	3158067
MF6_003843	GCF_003546465.1	3	1187985
MF6_003843	GCF_003547015.1	2	3112891
MF6_003843	GCF_003547035.1	2	3115305
MF6_003843	GCF_003547055.1	2	3173851
MF6_003843	GCF_003568605.1	2	2735759
MF6_003843	GCF_003606245.1	2	3217986
MF6_003843	GCF_003614815.1	2	2821560
MF6_003843	GCF_003614835.1	2	2852057
MF6_003843	GCF_003704285.1	3	1370749
MF6_003843	GCF_003711145.1	3	1153372
MF6_003843	GCF_003798245.1	2	3157202
MF6_003843	GCF_003798265.1	2	3139076
MF6_003843	GCF_003798365.1	2	3176440
MF6_003843	GCF_003812965.1	2	3155590
MF6_003843	GCF_003966315.1	3	1350848
MF6_003843	GCF_004323015.1	2	3102688
MF6_003843	GCF_004323035.1	2	3113526
MF6_003843	GCF_004348055.1	2	3103695
MF6_003843	GCF_004348075.1	2	3069583
MF6_003843	GCF_004367665.1	2	3099454
MF6_003843	GCF_004367685.1	2	3119419
MF6_003843	GCF_004367705.1	2	3097834
MF6_003843	GCF_004367725.1	2	3099308
MF6_003843	GCF_004526325.1	2	3120072
MF6_003843	GCF_004842085.1	2	3363129
MF6_003843	GCF_005853645.1	2	3162636
MF6_003843	GCF_005862325.1	2	3116035
MF6_003843	GCF_005937855.2	2	2783599
MF6_003843	GCF_006094315.1	3	1187977
MF6_003843	GCF_007724625.1	3	1536075
MF6_003843	GCF_008728255.1	2	3171459
MF6_003843	GCF_008728275.1	2	3147867
MF6_003843	GCF_008728295.1	2	3171635
MF6_003843	GCF_008728315.1	2	3159667
MF6_003843	GCF_008728335.1	2	3169063
MF6_003843	GCF_008728355.1	2	3167882
MF6_003843	GCF_008728375.1	2	3208533
MF6_003843	GCF_009191525.1	3	1528467
MF6_003843	GCF_009586235.1	3	1248114
MF6_003843	GCF_009749345.1	2	3257170
MF6_003843	GCF_009755625.1	3	1541420
MF6_003843	GCF_011578485.1	2	2875717
MF6_003843	GCF_014211915.1	3	1082076
MF6_003843	GCF_014357995.1	3	765157
MF6_003843	GCF_014854795.1	3	1304848
MF6_003843	GCF_016027435.1	2	3126683
MF6_003843	GCF_016027455.1	2	2913520
MF6_003843	GCF_016127755.1	2	2646970
MF6_003843	GCF_016458785.1	2	2704441
MF6_003843	GCF_016774495.1	2	2826723
MF6_003843	GCF_016864355.1	2	3303859
MF6_003843	GCF_016899425.1	3	1180421
MF6_003843	GCF_016899445.1	3	1031707
MF6_003843	GCF_017378155.1	2	3330822
MF6_003843	GCF_017378195.1	2	3203152
MF6_003843	GCF_017378235.1	2	3222599
MF6_003843	GCF_017378275.1	2	3199869
MF6_003843	GCF_017378315.2	2	3074610
MF6_003843	GCF_017378355.1	2	3171004
MF6_003843	GCF_017378435.1	2	3254530
MF6_003843	GCF_018223765.1	3	984325
MF6_003843	GCF_018223785.1	3	1531612
MF6_003843	GCF_018223805.1	3	983740
MF6_003843	GCF_018228345.1	2	3144211
MF6_003843	GCF_018228385.1	2	3117866
MF6_003843	GCF_018228525.1	2	3142999
MF6_003843	GCF_018228545.1	2	3067082
MF6_003843	GCF_018228565.1	2	3143942
MF6_003843	GCF_018228585.1	2	3140230
MF6_003843	GCF_018228605.1	2	3139758
MF6_003843	GCF_018228625.1	3	984365
MF6_003843	GCF_018417535.1	3	1319567
MF6_003843	GCF_018771365.1	2	3250235
MF6_003843	GCF_019915365.1	3	1359055
MF6_003843	GCF_020843905.1	2	2790852
MF6_003843	GCF_020843925.1	2	2746885
MF6_003843	GCF_020843985.1	3	1172335
MF6_003843	GCF_021344035.2	3	1328515
MF6_003843	GCF_021484945.1	3	1422512
MF6_003843	GCF_021535065.1	3	1096197
MF6_003843	GCF_021899435.1	3	1476313
MF6_003843	GCF_022533485.1	3	1529712
MF6_003843	GCF_022809715.1	3	1053196
MF6_003843	GCF_023053515.1	3	1397783
MF6_003843	GCF_023374335.1	3	1017484
MF6_003843	GCF_023374475.1	1	4997612
MF6_003843	GCF_023374675.1	3	1358651
MF6_003843	GCF_023374715.1	3	1358664
MF6_003843	GCF_023374835.1	3	1017703
MF6_003843	GCF_023374855.1	3	1017701
MF6_003843	GCF_024381035.2	3	1260712
MF6_003843	GCF_024600575.1	3	1406349
MF6_003843	GCF_024661975.1	3	1246460
MF6_003843	GCF_024730645.1	3	960211
MF6_003843	GCF_024732225.1	3	880277
MF6_003843	GCF_025560745.1	3	1195610
MF6_003843	GCF_025643515.1	3	1349539
MF6_003843	GCF_025643575.1	3	882513
MF6_003843	GCF_026315025.1	2	3008591
MF6_003843	GCF_026315045.1	2	3008419
MF6_003843	GCF_026683835.2	2	2696226
MF6_003843	GCF_026683855.2	2	2647171
MF6_003843	GCF_026683875.2	2	2647092
MF6_003843	GCF_026958255.1	2	2728612
MF6_003843	GCF_028201395.1	2	3117834
MF6_003843	GCF_028462305.2	3	1229589
MF6_003843	GCF_028657905.1	2	3002736
MF6_003843	GCF_029590335.1	3	1529354
MF6_003843	GCF_029633645.1	3	1352714
MF6_003843	GCF_029633805.1	3	1577351
MF6_003843	GCF_029633825.1	3	1528525
MF6_003843	GCF_029910195.1	2	2467808
MF6_003843	GCF_029962485.1	3	892866
MF6_003843	GCF_030297195.1	2	3144273
MF6_003843	GCF_030297215.1	2	3138372
MF6_003843	GCF_030297235.1	2	3198670
MF6_003843	GCF_030297255.1	2	3143428
MF6_003843	GCF_030297275.1	2	3099277
MF6_003843	GCF_030297295.1	2	3175930
MF6_003843	GCF_030297315.1	2	3143756
MF6_003843	GCF_030297335.1	2	3171481
MF6_003843	GCF_030297355.1	2	3144827
MF6_003843	GCF_030374675.1	3	1022242
MF6_003843	GCF_033675275.1	2	3095076
MF6_003843	GCF_033675305.1	2	3018887
MF6_003843	GCF_033675325.1	3	1312533
MF6_003843	GCF_033870355.1	1	3152963
MF6_003843	GCF_033870375.1	2	2196737
MF6_003843	GCF_033870395.1	1	5822796
MF6_003843	GCF_033956065.1	2	2324638
MF6_003843	GCF_035621555.1	2	2860001
MF6_003843	GCF_037055255.1	3	1309808
MF6_003843	GCF_037101275.1	3	1149504
MF6_003843	GCF_038452255.1	3	848493
MF6_003843	GCF_038723655.1	3	1355460
MF6_003843	GCF_038782865.1	2	2651331
MF6_003843	GCF_038983115.1	2	3198821
MF6_003843	GCF_038983225.1	2	3199400
MF6_003843	GCF_039728355.1	3	1017452
MF6_003843	GCF_039848545.1	2	3167812
MF6_003843	GCF_040215475.1	3	1529208
MF6_003843	GCF_040735455.1	3	1062595
MF6_003843	GCF_040761425.1	3	1094235
MF6_003843	GCF_041070875.1	3	1196453
MF6_003843	GCF_041205585.2	3	608063
MF6_003843	GCF_043193125.1	3	1110499
MF6_003843	GCF_044057485.1	3	1531168
MF6_003843	GCF_045345775.1	3	1087154
MF6_003843	GCF_045925845.1	3	1014137
MF6_003843	GCF_046773525.1	3	1062444
MF6_003843	GCF_047127275.1	3	1354427
MF6_003843	GCF_047902435.1	3	1411079
MF6_003843	GCF_048565265.1	3	1379386
MF6_003843	GCF_048627025.1	2	3399615
MF6_003843	GCF_048688115.1	2	2858975
MF6_003843	GCF_049487195.1	3	1276413
MF6_003843	GCF_049913365.1	2	2774643
MF6_003843	GCF_049942845.1	2	2805731
MF6_003843	GCF_050320195.1	2	3456576
MF6_003843	GCF_050613135.1	3	1273355
MF6_003843	GCF_050632305.1	3	1249564
MF6_003843	GCF_050632315.1	3	1249208
MF6_003843	GCF_050632325.1	3	1232208
MF6_003843	GCF_050632335.1	3	1249557
MF6_003843	GCF_050632345.1	3	1249576
MF6_003843	GCF_050632355.1	3	1455279
MF6_003843	GCF_050813845.1	2	3569160
MF6_003843	GCF_051355645.1	3	1395069
MF6_003843	GCF_051560065.1	2	3203209
MF6_003843	GCF_051560085.1	2	3211908
MF6_003843	GCF_051560105.1	2	3284474
MF6_003843	GCF_051560125.1	2	3288499
MF6_003843	GCF_051560145.1	2	3289396
MF6_003843	GCF_052854005.1	2	3243075
MF6_003843	GCF_052854015.1	2	3195248
MF6_003843	GCF_052854305.1	2	3142130
MF6_003843	GCF_052854315.1	2	3193295
MF6_003843	GCF_052854605.1	2	3174682
MF6_003843	GCF_052854615.1	2	3174777
MF6_003843	GCF_052854885.1	2	3212550
MF6_003843	GCF_052854895.1	2	3100937
MF6_003843	GCF_052855305.1	2	3194467
MF6_003843	GCF_052855315.1	2	3194602
MF6_003843	GCF_052855605.1	2	3147087
MF6_003843	GCF_052855615.1	2	3124250
MF6_003843	GCF_052855985.1	2	3122619
MF6_003843	GCF_052856205.1	2	3118003
MF6_003843	GCF_052857015.1	2	3120946
MF6_003843	GCF_052857225.1	2	3171656
MF6_003843	GCF_052857935.1	2	3149901
MF6_003843	GCF_052858145.1	2	3150400
MF6_003843	GCF_052858685.1	2	3183232
MF6_003843	GCF_052858755.1	2	3114344
MF6_003843	GCF_053038975.1	3	1244422
MF6_003843	GCF_053209605.1	3	1244416
MF6_003843	GCF_053348855.1	3	978336
MF6_003843	GCF_054073385.1	3	972273
MF6_003843	GCF_054073395.1	3	972174
MF6_003843	GCF_054166185.1	2	3014549
MF6_003843	GCF_054558305.1	3	1528475
MF6_003843	GCF_055387925.1	2	2327965
MF6_003843	GCF_055397665.1	2	2221172
MF6_003843	GCF_055810255.1	2	2818906
MF6_003843	GCF_056640905.1	4	927285
MF6_003843	GCF_056783395.1	3	1238097
MF6_003843	GCF_057005415.2	3	1297318
MF6_003843	GCF_057369595.1	3	1253950
MF6_003843	GCF_057439935.1	3	1253950
MF6_003843	GCF_059089405.1	3	1046852
MF6_003843	GCF_902141795.1	2	3115305
MF6_003843	GCF_902141815.1	2	3112891
MF6_003843	GCF_902141835.1	2	3173851
MF6_003843	GCF_904865725.1	3	1023737
MF6_003843	GCF_905400185.1	3	1347483
MF6_003843	GCF_939576165.1	1	5647473
MF6_003843	GCF_964264985.1	3	999322
MF6_003843	GCF_964264995.1	3	1103841
MF6_003843	GCF_964265005.1	3	1103825
MF6_003843	GCF_964265015.1	3	1200466
MF6_003843	GCF_964265025.1	3	1136949
MF6_003843	GCF_965199385.1	2	3249516
MF6_003843	GCF_965199395.1	2	3246938
MF6_003843	GCF_965199405.1	2	3246053
MF6_003843	GCF_965199425.1	2	3246872
MF6_003843	GCF_965199435.1	2	3248534
MF6_003843	GCF_965199445.1	2	3247000
MF6_003843	GCF_965199455.1	2	3248530
MF6_003843	GCF_965199515.1	2	3246993
MF6_003843	GCF_965199545.1	2	3221484
MF6_003843	GCF_965199625.1	2	3246650
MF6_003843	GCF_965199835.1	2	3309517
MF6_003843	GCF_965199925.1	2	3148392
MF6_003843	GCF_965201125.1	2	3256226
MF6_003843	GCF_965202565.1	2	3255975
MF6_003843	GCF_965211575.1	2	3248827
MF6_003843	GCF_965211595.1	2	3222411
MF6_003843	GCF_980295165.1	2	3179731
MF6_003843	GCF_980300355.1	2	3115442
MF6_003843	GCF_980300905.1	2	3200896
MF6_003843	GCF_980300945.1	2	3200795
MF6_003843	GCF_980300965.1	2	3218131
MF6_003843	GCF_984667665.1	3	1190410
MF6_003843	GCF_984667675.1	1	3681322
MF6_003843	GCF_984667725.1	3	1368847
MF6_003843	GCF_984667835.1	3	1282155
MF6_003843	GCF_984667895.1	3	1224010
MF6_003843	GCF_984667945.1	3	1232707
MF6_003843	GCF_984667975.1	3	1271489
MF6_003843	GCF_984668005.1	3	1175751
MF6_003843	GCF_984668195.1	3	1241080
MF6_003843	GCF_984668265.1	3	1270289
MF6_003843	GCF_984668355.1	3	1145148
MF6_003843	GCF_984668395.1	3	1373398
MF6_003843	GCF_984668525.1	3	1253739
MF6_003843	GCF_984669265.1	3	967293
MF6_003843	GCF_984669335.1	3	1274376
MF6_003843	GCF_984669415.1	3	1232707
MF6_003843	GCF_984669565.1	3	1280661
MF6_003843	GCF_984669585.1	3	967604
MF6_003843	GCF_984669685.1	3	1224034
MF6_003843	GCF_984669705.1	3	1336675
MF6_003843	MF6	3	1179882
MF6_003843	MF7	3	857810
MF6_004284_1434_1538	GCF_003368325.1	2	3619047
MF6_004284_1434_1538	GCF_016899425.1	3	1180421
MF6_004284_1434_1538	GCF_905400185.1	3	1347483
MF6_004284_1434_1538	MF6	3	1179882
MF6_004284_1434_1538	MF7	8	318422
MF6_004284_full	GCF_000959445.1	3	1248367
MF6_004284_full	GCF_003019945.1	3	1248348
MF6_004284_full	GCF_003966315.1	1	3645818
MF6_004284_full	GCF_016899425.1	3	1180421
MF6_004284_full	GCF_020099355.1	3	1248367
MF6_004284_full	GCF_020843985.1	3	1172335
MF6_004284_full	GCF_905400185.1	3	1347483
MF6_004284_full	MF6	3	1179882
MF6_004284_full	MF7	8	318422
MF6_004285	GCF_003966315.1	1	3645818
MF6_004285	GCF_016899425.1	3	1180421
MF6_004285	GCF_905400185.1	3	1347483
MF6_004285	MF6	3	1179882
MF6_004285	MF7	8	318422
MF6_004947	GCA_017356705.2	2	3213568
MF6_004947	GCA_017356725.2	2	3240692
MF6_004947	GCA_024298805.1	2	3290308
MF6_004947	GCA_048918525.1	2	3834718
MF6_004947	GCA_055387565.1	2	2879483
MF6_004947	GCA_059696275.1	1	3228657
MF6_004947	GCA_964417475.2	2	3240568
MF6_004947	GCA_965199415.1	2	3221869
MF6_004947	GCA_965199775.1	2	2884388
MF6_004947	GCA_980298765.1	2	3093861
MF6_004947	GCF_000009485.1	2	3217062
MF6_004947	GCF_000011545.1	2	3173005
MF6_004947	GCF_000011705.1	2	2325379
MF6_004947	GCF_000012365.1	2	2914771
MF6_004947	GCF_000012785.1	2	3181762
MF6_004947	GCF_000012945.1	2	3587082
MF6_004947	GCF_000015465.1	2	1734922
MF6_004947	GCF_000015605.1	2	2284095
MF6_004947	GCF_000015625.1	2	2352693
MF6_004947	GCF_000015905.1	2	3127456
MF6_004947	GCF_000015925.1	2	3100794
MF6_004947	GCF_000019505.1	2	3213911
MF6_004947	GCF_000019925.1	2	2769414
MF6_004947	GCF_000194745.1	2	3700833
MF6_004947	GCF_000203915.1	2	2646969
MF6_004947	GCF_000203955.1	2	2998664
MF6_004947	GCF_000236215.2	2	3102677
MF6_004947	GCF_000260515.1	2	3138747
MF6_004947	GCF_000294635.1	2	3153284
MF6_004947	GCF_000385525.1	2	2763585
MF6_004947	GCF_000439695.1	2	3373917
MF6_004947	GCF_000494855.1	2	3340068
MF6_004947	GCF_000511895.1	2	3361913
MF6_004947	GCF_000511915.1	2	3245956
MF6_004947	GCF_000520895.1	2	3248143
MF6_004947	GCF_000521645.1	2	3245118
MF6_004947	GCF_000567905.1	2	2940942
MF6_004947	GCF_000567925.1	2	2914718
MF6_004947	GCF_000567945.1	2	2852101
MF6_004947	GCF_000583835.1	2	3391010
MF6_004947	GCF_000701165.1	2	3400736
MF6_004947	GCF_000705535.2	2	3012498
MF6_004947	GCF_000706745.1	2	2821713
MF6_004947	GCF_000755765.1	2	3386014
MF6_004947	GCF_000755785.1	2	2325354
MF6_004947	GCF_000755805.1	2	3206581
MF6_004947	GCF_000755825.1	2	3214293
MF6_004947	GCF_000755845.1	2	2146721
MF6_004947	GCF_000755865.1	2	2093560
MF6_004947	GCF_000755885.1	2	2096906
MF6_004947	GCF_000755905.1	2	3194122
MF6_004947	GCF_000755925.1	2	3200711
MF6_004947	GCF_000755945.1	2	3146583
MF6_004947	GCF_000755965.1	2	3236215
MF6_004947	GCF_000755985.1	2	3121665
MF6_004947	GCF_000756025.1	2	2321567
MF6_004947	GCF_000756065.1	2	3236977
MF6_004947	GCF_000756085.1	2	3138647
MF6_004947	GCF_000756125.1	2	3100174
MF6_004947	GCF_000756145.1	2	3102140
MF6_004947	GCF_000756165.1	2	3008404
MF6_004947	GCF_000756185.1	2	3244818
MF6_004947	GCF_000757015.2	2	3225565
MF6_004947	GCF_000757035.2	2	3184745
MF6_004947	GCF_000762285.1	2	2351417
MF6_004947	GCF_000764575.1	2	3248948
MF6_004947	GCF_000764595.1	2	2823176
MF6_004947	GCF_000764955.1	2	2375865
MF6_004947	GCF_000765375.1	2	2870750
MF6_004947	GCF_000770395.1	2	3194326
MF6_004947	GCF_000770455.1	2	3256009
MF6_004947	GCF_000770495.1	2	3227179
MF6_004947	GCF_000770515.1	2	3327069
MF6_004947	GCF_000770535.1	2	3263576
MF6_004947	GCF_000770565.1	2	3267160
MF6_004947	GCF_000808035.2	2	2966450
MF6_004947	GCF_000953095.1	2	3117372
MF6_004947	GCF_000954175.1	2	3039355
MF6_004947	GCF_000959125.1	2	3145454
MF6_004947	GCF_000959145.1	2	3216446
MF6_004947	GCF_000959165.1	2	2284094
MF6_004947	GCF_000959185.1	2	3108026
MF6_004947	GCF_000959205.1	2	3267445
MF6_004947	GCF_000959225.1	2	3205965
MF6_004947	GCF_000959245.1	2	2722556
MF6_004947	GCF_000959265.1	2	3260260
MF6_004947	GCF_000959285.1	2	3173067
MF6_004947	GCF_000959305.1	2	3127457
MF6_004947	GCF_000959325.1	2	2913181
MF6_004947	GCF_000959345.1	2	3190204
MF6_004947	GCF_000959365.1	2	3002987
MF6_004947	GCF_000959405.1	2	2353260
MF6_004947	GCF_000959425.1	2	2914772
MF6_004947	GCF_000959465.1	2	2126012
MF6_004947	GCF_000959545.1	2	2646970
MF6_004947	GCF_000959605.1	2	2897757
MF6_004947	GCF_000959625.1	2	2237503
MF6_004947	GCF_000959725.1	2	3927513
MF6_004947	GCF_001028665.1	2	3214754
MF6_004947	GCF_001029145.1	1	3522585
MF6_004947	GCF_001277875.1	2	3228004
MF6_004947	GCF_001277895.1	2	3227965
MF6_004947	GCF_001277975.1	2	3156645
MF6_004947	GCF_001318245.1	2	3147816
MF6_004947	GCF_001411495.1	2	3408190
MF6_004947	GCF_001484665.1	2	3086109
MF6_004947	GCF_001513745.1	2	2913543
MF6_004947	GCF_001522105.2	2	3126684
MF6_004947	GCF_001522135.2	2	3003039
MF6_004947	GCF_001522585.2	2	2801147
MF6_004947	GCF_001522635.2	2	2917588
MF6_004947	GCF_001523745.2	2	2752114
MF6_004947	GCF_001523915.2	2	2709855
MF6_004947	GCF_001524445.2	2	2824254
MF6_004947	GCF_001524625.2	2	2934072
MF6_004947	GCF_001524645.2	2	2473077
MF6_004947	GCF_001532025.2	2	2832141
MF6_004947	GCF_001606115.1	2	3107451
MF6_004947	GCF_001606135.1	1	7459003
MF6_004947	GCF_001695715.1	2	3256300
MF6_004947	GCF_001695735.1	2	3254339
MF6_004947	GCF_001718295.1	2	2966282
MF6_004947	GCF_001718315.1	2	2619120
MF6_004947	GCF_001718335.1	2	2466714
MF6_004947	GCF_001718355.1	2	3052802
MF6_004947	GCF_001718395.1	2	3608925
MF6_004947	GCF_001718515.1	2	2869430
MF6_004947	GCF_001718535.1	2	3050136
MF6_004947	GCF_001718555.1	2	2967116
MF6_004947	GCF_001718575.1	2	3386917
MF6_004947	GCF_001718595.1	2	2822193
MF6_004947	GCF_001718615.1	2	2940149
MF6_004947	GCF_001718635.1	2	2895326
MF6_004947	GCF_001718655.1	2	3000610
MF6_004947	GCF_001718835.1	2	3417004
MF6_004947	GCF_001718855.1	2	3435939
MF6_004947	GCF_001718875.1	2	2042468
MF6_004947	GCF_001718895.1	2	3069864
MF6_004947	GCF_001718955.1	2	3001569
MF6_004947	GCF_001718975.1	2	3094056
MF6_004947	GCF_001729545.1	2	2226175
MF6_004947	GCF_001742165.1	2	3318880
MF6_004947	GCF_001885195.1	2	3190235
MF6_004947	GCF_001887555.1	2	3236690
MF6_004947	GCF_001887575.1	2	3236690
MF6_004947	GCF_001975065.1	2	3272138
MF6_004947	GCF_001975085.1	2	3249730
MF6_004947	GCF_001975105.1	2	3249682
MF6_004947	GCF_001975125.1	2	3380426
MF6_004947	GCF_001975145.1	2	3380273
MF6_004947	GCF_001980585.2	2	3118370
MF6_004947	GCF_001999785.1	1	7499459
MF6_004947	GCF_001999825.1	1	6339862
MF6_004947	GCF_001999885.1	2	2984720
MF6_004947	GCF_002007585.1	2	3097552
MF6_004947	GCF_002097715.1	2	3308659
MF6_004947	GCF_002110945.1	2	3287088
MF6_004947	GCF_002110965.1	2	3273436
MF6_004947	GCF_002111005.1	2	3267867
MF6_004947	GCF_002111025.1	2	3266006
MF6_004947	GCF_002111045.1	2	3263237
MF6_004947	GCF_002111085.1	2	3260317
MF6_004947	GCF_002111105.1	2	3084746
MF6_004947	GCF_002111125.1	2	3212183
MF6_004947	GCF_002111145.1	2	3138916
MF6_004947	GCF_002111165.1	2	3245772
MF6_004947	GCF_002111205.1	2	3078985
MF6_004947	GCF_002111225.1	2	3188810
MF6_004947	GCF_002111245.1	2	3267789
MF6_004947	GCF_002111265.1	2	3265934
MF6_004947	GCF_002111285.1	2	3245094
MF6_004947	GCF_002111305.1	2	3306540
MF6_004947	GCF_002111325.1	2	3207929
MF6_004947	GCF_002111345.1	2	3144330
MF6_004947	GCF_002111365.1	2	3248554
MF6_004947	GCF_002111385.1	2	3269674
MF6_004947	GCF_002208175.1	2	3922845
MF6_004947	GCF_002209085.2	2	3397795
MF6_004947	GCF_002346045.1	2	2325357
MF6_004947	GCF_002346205.1	2	2226558
MF6_004947	GCF_002356275.1	2	3163229
MF6_004947	GCF_002386205.1	2	2762025
MF6_004947	GCF_002393425.1	2	3925840
MF6_004947	GCF_002407525.2	2	3397791
MF6_004947	GCF_002843645.1	2	3258775
MF6_004947	GCF_002860065.1	2	3130290
MF6_004947	GCF_003020025.1	2	2853041
MF6_004947	GCF_003020185.1	2	2940845
MF6_004947	GCF_003076415.1	2	2856344
MF6_004947	GCF_003233675.1	2	3274969
MF6_004947	GCF_003330765.1	2	3400486
MF6_004947	GCF_003445415.1	2	3158067
MF6_004947	GCF_003546465.1	2	3396456
MF6_004947	GCF_003547015.1	2	3112891
MF6_004947	GCF_003547035.1	2	3115305
MF6_004947	GCF_003547055.1	2	3173851
MF6_004947	GCF_003568605.1	2	2735759
MF6_004947	GCF_003606245.1	2	3217986
MF6_004947	GCF_003613595.1	2	3923011
MF6_004947	GCF_003614815.1	2	2821560
MF6_004947	GCF_003614835.1	2	2852057
MF6_004947	GCF_003704285.1	2	3182734
MF6_004947	GCF_003711145.1	2	3706323
MF6_004947	GCF_003713105.1	2	4002946
MF6_004947	GCF_003798245.1	2	3157202
MF6_004947	GCF_003798265.1	2	3139076
MF6_004947	GCF_003798365.1	2	3176440
MF6_004947	GCF_003812965.1	2	3155590
MF6_004947	GCF_003966315.1	2	3039797
MF6_004947	GCF_004323015.1	2	3102688
MF6_004947	GCF_004323035.1	2	3113526
MF6_004947	GCF_004348055.1	2	3103695
MF6_004947	GCF_004348075.1	2	3069583
MF6_004947	GCF_004367665.1	2	3099454
MF6_004947	GCF_004367685.1	2	3119419
MF6_004947	GCF_004367705.1	2	3097834
MF6_004947	GCF_004367725.1	2	3099308
MF6_004947	GCF_004526325.1	2	3120072
MF6_004947	GCF_004842085.1	2	3363129
MF6_004947	GCF_005853645.1	2	3162636
MF6_004947	GCF_005862325.1	2	3116035
MF6_004947	GCF_005937855.2	2	2783599
MF6_004947	GCF_006094315.1	2	3396958
MF6_004947	GCF_007724625.1	2	3249718
MF6_004947	GCF_008728255.1	2	3171459
MF6_004947	GCF_008728275.1	2	3147867
MF6_004947	GCF_008728295.1	2	3171635
MF6_004947	GCF_008728315.1	2	3159667
MF6_004947	GCF_008728335.1	2	3169063
MF6_004947	GCF_008728355.1	2	3167882
MF6_004947	GCF_008728375.1	2	3208533
MF6_004947	GCF_009191525.1	2	3247714
MF6_004947	GCF_009586235.1	2	3430130
MF6_004947	GCF_009749345.1	2	3257170
MF6_004947	GCF_009755625.1	2	3247807
MF6_004947	GCF_011578485.1	2	2875717
MF6_004947	GCF_014211915.1	2	2857915
MF6_004947	GCF_014263355.1	2	3985347
MF6_004947	GCF_014357995.1	2	3211025
MF6_004947	GCF_014854795.1	2	3415325
MF6_004947	GCF_016027435.1	2	3126683
MF6_004947	GCF_016027455.1	2	2913520
MF6_004947	GCF_016127755.1	2	2646970
MF6_004947	GCF_016458785.1	2	2704441
MF6_004947	GCF_016698705.1	2	3913767
MF6_004947	GCF_016774495.1	2	2826723
MF6_004947	GCF_016864355.1	2	3303859
MF6_004947	GCF_016899425.1	2	3002449
MF6_004947	GCF_016899445.1	2	3288546
MF6_004947	GCF_017378155.1	2	3330822
MF6_004947	GCF_017378195.1	2	3203152
MF6_004947	GCF_017378235.1	2	3222599
MF6_004947	GCF_017378275.1	2	3199869
MF6_004947	GCF_017378315.2	2	3074610
MF6_004947	GCF_017378355.1	2	3171004
MF6_004947	GCF_017378435.1	2	3254530
MF6_004947	GCF_018223765.1	2	3176312
MF6_004947	GCF_018223785.1	2	3267640
MF6_004947	GCF_018223805.1	2	3219652
MF6_004947	GCF_018228345.1	2	3144211
MF6_004947	GCF_018228385.1	2	3117866
MF6_004947	GCF_018228525.1	2	3142999
MF6_004947	GCF_018228545.1	2	3067082
MF6_004947	GCF_018228565.1	2	3143942
MF6_004947	GCF_018228585.1	2	3140230
MF6_004947	GCF_018228605.1	2	3139758
MF6_004947	GCF_018228625.1	2	3191508
MF6_004947	GCF_018417535.1	2	3307718
MF6_004947	GCF_018771365.1	2	3250235
MF6_004947	GCF_019915365.1	2	3129934
MF6_004947	GCF_020843905.1	2	2790852
MF6_004947	GCF_020843925.1	2	2746885
MF6_004947	GCF_020843945.1	2	3226031
MF6_004947	GCF_020843965.1	2	3132505
MF6_004947	GCF_020843985.1	2	2827353
MF6_004947	GCF_021344035.2	1	3826233
MF6_004947	GCF_021484945.1	2	3474201
MF6_004947	GCF_021535065.1	2	3224222
MF6_004947	GCF_021899435.1	2	3713971
MF6_004947	GCF_022533485.1	2	3278817
MF6_004947	GCF_022809715.1	2	3004083
MF6_004947	GCF_023053515.1	2	3539936
MF6_004947	GCF_023374335.1	2	3122052
MF6_004947	GCF_023374475.1	2	3501858
MF6_004947	GCF_023374675.1	2	3516028
MF6_004947	GCF_023374715.1	2	3504726
MF6_004947	GCF_023374835.1	2	3122641
MF6_004947	GCF_023374855.1	2	3122654
MF6_004947	GCF_023658595.1	2	3872622
MF6_004947	GCF_024381035.2	2	3525317
MF6_004947	GCF_024600575.1	2	3408063
MF6_004947	GCF_024661975.1	2	3173531
MF6_004947	GCF_024730645.1	2	3022085
MF6_004947	GCF_024732225.1	2	3026422
MF6_004947	GCF_025244785.1	2	3932966
MF6_004947	GCF_025560745.1	2	3361469
MF6_004947	GCF_025643515.1	2	3158005
MF6_004947	GCF_025643575.1	2	3216338
MF6_004947	GCF_026315005.1	2	2968889
MF6_004947	GCF_026315025.1	2	3008591
MF6_004947	GCF_026315045.1	2	3008419
MF6_004947	GCF_026651625.1	2	3986150
MF6_004947	GCF_026683835.2	2	2696226
MF6_004947	GCF_026683855.2	2	2647171
MF6_004947	GCF_026683875.2	2	2647092
MF6_004947	GCF_026958255.1	2	2728612
MF6_004947	GCF_028201395.1	2	3117834
MF6_004947	GCF_028462305.2	2	3460727
MF6_004947	GCF_028657905.1	2	3002736
MF6_004947	GCF_029590335.1	2	3244835
MF6_004947	GCF_029633645.1	2	3330511
MF6_004947	GCF_029633805.1	2	3207179
MF6_004947	GCF_029633825.1	2	3261244
MF6_004947	GCF_029910195.1	2	2467808
MF6_004947	GCF_029962485.1	2	3267341
MF6_004947	GCF_030297195.1	2	3144273
MF6_004947	GCF_030297215.1	2	3138372
MF6_004947	GCF_030297235.1	2	3198670
MF6_004947	GCF_030297255.1	2	3143428
MF6_004947	GCF_030297275.1	2	3099277
MF6_004947	GCF_030297295.1	2	3175930
MF6_004947	GCF_030297315.1	2	3143756
MF6_004947	GCF_030297335.1	2	3171481
MF6_004947	GCF_030297355.1	2	3144827
MF6_004947	GCF_030374675.1	2	3002478
MF6_004947	GCF_033675275.1	2	3095076
MF6_004947	GCF_033675305.1	2	3018887
MF6_004947	GCF_033675325.1	2	3329779
MF6_004947	GCF_033870355.1	1	3152963
MF6_004947	GCF_033870375.1	2	2196737
MF6_004947	GCF_033870395.1	1	5822796
MF6_004947	GCF_033956065.1	2	2324638
MF6_004947	GCF_035621555.1	2	2860001
MF6_004947	GCF_036837415.1	2	3979285
MF6_004947	GCF_036839165.1	2	3979224
MF6_004947	GCF_037055255.1	2	3596266
MF6_004947	GCF_037101275.1	2	3017943
MF6_004947	GCF_038452255.1	2	3466835
MF6_004947	GCF_038723655.1	2	3471056
MF6_004947	GCF_038782865.1	2	2651331
MF6_004947	GCF_038983115.1	2	3198821
MF6_004947	GCF_038983225.1	2	3199400
MF6_004947	GCF_039728355.1	2	3225523
MF6_004947	GCF_039848545.1	2	3167812
MF6_004947	GCF_040215475.1	2	3249807
MF6_004947	GCF_040735455.1	2	2809008
MF6_004947	GCF_040761425.1	2	3048481
MF6_004947	GCF_041070875.1	2	3307321
MF6_004947	GCF_041205585.2	2	3164445
MF6_004947	GCF_042604585.1	2	3964551
MF6_004947	GCF_042604595.1	2	4046521
MF6_004947	GCF_043193125.1	2	2949100
MF6_004947	GCF_044057485.1	2	3246353
MF6_004947	GCF_045345775.1	2	2799897
MF6_004947	GCF_045862465.1	2	3800749
MF6_004947	GCF_045925845.1	2	3026459
MF6_004947	GCF_046773525.1	2	3418465
MF6_004947	GCF_047127275.1	2	3418796
MF6_004947	GCF_047902435.1	2	3375692
MF6_004947	GCF_048565175.1	2	4000879
MF6_004947	GCF_048565265.1	2	3438352
MF6_004947	GCF_048627025.1	2	3399615
MF6_004947	GCF_048688115.1	2	2858975
MF6_004947	GCF_048917655.1	2	3834485
MF6_004947	GCF_048917685.1	2	3834513
MF6_004947	GCF_049487195.1	2	3268913
MF6_004947	GCF_049913365.1	2	2774643
MF6_004947	GCF_049942845.1	2	2805731
MF6_004947	GCF_050320195.1	2	3456576
MF6_004947	GCF_050613125.1	2	4049529
MF6_004947	GCF_050613135.1	2	3325566
MF6_004947	GCF_050632305.1	2	3146357
MF6_004947	GCF_050632315.1	2	3146363
MF6_004947	GCF_050632325.1	2	3391474
MF6_004947	GCF_050632335.1	2	3146358
MF6_004947	GCF_050632345.1	2	3146071
MF6_004947	GCF_050632355.1	2	3452404
MF6_004947	GCF_050813845.1	2	3569160
MF6_004947	GCF_050920555.1	2	3916618
MF6_004947	GCF_051355645.1	2	3595701
MF6_004947	GCF_051560065.1	2	3203209
MF6_004947	GCF_051560085.1	2	3211908
MF6_004947	GCF_051560105.1	2	3284474
MF6_004947	GCF_051560125.1	2	3288499
MF6_004947	GCF_051560145.1	2	3289396
MF6_004947	GCF_052222725.1	2	3914413
MF6_004947	GCF_052854005.1	2	3243075
MF6_004947	GCF_052854015.1	2	3195248
MF6_004947	GCF_052854305.1	2	3142130
MF6_004947	GCF_052854315.1	2	3193295
MF6_004947	GCF_052854605.1	2	3174682
MF6_004947	GCF_052854615.1	2	3174777
MF6_004947	GCF_052854885.1	2	3212550
MF6_004947	GCF_052854895.1	2	3100937
MF6_004947	GCF_052855305.1	2	3194467
MF6_004947	GCF_052855315.1	2	3194602
MF6_004947	GCF_052855605.1	2	3147087
MF6_004947	GCF_052855615.1	2	3124250
MF6_004947	GCF_052855985.1	2	3122619
MF6_004947	GCF_052856205.1	2	3118003
MF6_004947	GCF_052857015.1	2	3120946
MF6_004947	GCF_052857225.1	2	3171656
MF6_004947	GCF_052857935.1	2	3149901
MF6_004947	GCF_052858145.1	2	3150400
MF6_004947	GCF_052858685.1	2	3183232
MF6_004947	GCF_052858755.1	2	3114344
MF6_004947	GCF_053038975.1	2	2862001
MF6_004947	GCF_053209605.1	2	2859967
MF6_004947	GCF_053348855.1	2	2960641
MF6_004947	GCF_053470105.1	2	3913691
MF6_004947	GCF_053470145.1	2	3913611
MF6_004947	GCF_054073385.1	2	3112656
MF6_004947	GCF_054073395.1	2	3084765
MF6_004947	GCF_054166185.1	2	3014549
MF6_004947	GCF_054187845.1	2	3794154
MF6_004947	GCF_054558305.1	2	3245198
MF6_004947	GCF_054955335.1	1	6953363
MF6_004947	GCF_055386035.1	2	3758526
MF6_004947	GCF_055387925.1	2	2327965
MF6_004947	GCF_055397665.1	2	2221172
MF6_004947	GCF_055397955.1	2	3924332
MF6_004947	GCF_055810255.1	2	2818906
MF6_004947	GCF_056640905.1	2	3328575
MF6_004947	GCF_056783395.1	2	3428300
MF6_004947	GCF_057005415.2	2	3685627
MF6_004947	GCF_057369595.1	2	3419015
MF6_004947	GCF_057439935.1	2	3419015
MF6_004947	GCF_058448765.1	2	3851263
MF6_004947	GCF_059089405.1	2	3373875
MF6_004947	GCF_902141795.1	2	3115305
MF6_004947	GCF_902141815.1	2	3112891
MF6_004947	GCF_902141835.1	2	3173851
MF6_004947	GCF_904865725.1	2	3006131
MF6_004947	GCF_905400185.1	2	3050481
MF6_004947	GCF_939576165.1	1	5647473
MF6_004947	GCF_964264985.1	2	3046645
MF6_004947	GCF_964264995.1	2	3601574
MF6_004947	GCF_964265005.1	2	3601505
MF6_004947	GCF_964265015.1	2	3495121
MF6_004947	GCF_964265025.1	2	3486477
MF6_004947	GCF_965199385.1	2	3249516
MF6_004947	GCF_965199395.1	2	3246938
MF6_004947	GCF_965199405.1	2	3246053
MF6_004947	GCF_965199425.1	2	3246872
MF6_004947	GCF_965199435.1	2	3248534
MF6_004947	GCF_965199445.1	2	3247000
MF6_004947	GCF_965199455.1	2	3248530
MF6_004947	GCF_965199515.1	2	3246993
MF6_004947	GCF_965199545.1	2	3221484
MF6_004947	GCF_965199625.1	2	3246650
MF6_004947	GCF_965199835.1	2	3309517
MF6_004947	GCF_965199925.1	2	3148392
MF6_004947	GCF_965201125.1	2	3256226
MF6_004947	GCF_965202565.1	2	3255975
MF6_004947	GCF_965211575.1	2	3248827
MF6_004947	GCF_965211595.1	2	3222411
MF6_004947	GCF_980295165.1	2	3179731
MF6_004947	GCF_980300355.1	2	3115442
MF6_004947	GCF_980300905.1	2	3200896
MF6_004947	GCF_980300945.1	2	3200795
MF6_004947	GCF_980300965.1	2	3218131
MF6_004947	GCF_984667665.1	2	3532587
MF6_004947	GCF_984667675.1	2	3316512
MF6_004947	GCF_984667725.1	2	3479138
MF6_004947	GCF_984667835.1	2	3382556
MF6_004947	GCF_984667895.1	2	3349714
MF6_004947	GCF_984667945.1	2	3415142
MF6_004947	GCF_984667955.1	2	3423854
MF6_004947	GCF_984667975.1	2	3370433
MF6_004947	GCF_984668005.1	2	3521856
MF6_004947	GCF_984668195.1	2	3390539
MF6_004947	GCF_984668265.1	2	3401831
MF6_004947	GCF_984668355.1	2	3342179
MF6_004947	GCF_984668395.1	2	3479142
MF6_004947	GCF_984668525.1	2	3197900
MF6_004947	GCF_984669265.1	2	3091526
MF6_004947	GCF_984669325.1	2	3370433
MF6_004947	GCF_984669335.1	2	3515367
MF6_004947	GCF_984669415.1	2	3415142
MF6_004947	GCF_984669565.1	2	3426442
MF6_004947	GCF_984669585.1	2	3411081
MF6_004947	GCF_984669685.1	2	3349698
MF6_004947	GCF_984669705.1	2	3219997
MF6_004947	GCF_984671675.1	2	3354725
MF6_004947	GCF_984671695.1	2	3557304
MF6_004947	MF6	2	2983592
MF6_004947	MF7	6	477523
MF6_006318	GCA_017356705.2	2	3213568
MF6_006318	GCA_017356725.2	2	3240692
MF6_006318	GCA_029762415.1	2	3892275
MF6_006318	GCA_048918525.1	2	3834718
MF6_006318	GCA_051027405.1	2	3705923
MF6_006318	GCA_055387565.1	2	2879483
MF6_006318	GCA_059696275.1	1	3228657
MF6_006318	GCA_964417475.2	2	3240568
MF6_006318	GCA_965199415.1	2	3221869
MF6_006318	GCA_965199775.1	2	2884388
MF6_006318	GCA_980298765.1	2	3093861
MF6_006318	GCF_000009485.1	2	3217062
MF6_006318	GCF_000010545.1	2	2473162
MF6_006318	GCF_000011545.1	2	3173005
MF6_006318	GCF_000011705.1	2	2325379
MF6_006318	GCF_000012365.1	2	2914771
MF6_006318	GCF_000012785.1	2	3181762
MF6_006318	GCF_000012945.1	2	3587082
MF6_006318	GCF_000015465.1	2	1734922
MF6_006318	GCF_000015605.1	2	2284095
MF6_006318	GCF_000015625.1	2	2352693
MF6_006318	GCF_000015905.1	2	3127456
MF6_006318	GCF_000015925.1	2	3100794
MF6_006318	GCF_000016205.1	2	2411759
MF6_006318	GCF_000018505.1	2	2472928
MF6_006318	GCF_000019505.1	2	3213911
MF6_006318	GCF_000019925.1	2	2769414
MF6_006318	GCF_000022645.2	2	2827333
MF6_006318	GCF_000194745.1	2	3700833
MF6_006318	GCF_000203915.1	2	2646969
MF6_006318	GCF_000203955.1	2	2998664
MF6_006318	GCF_000236215.2	2	3102677
MF6_006318	GCF_000260515.1	2	3138747
MF6_006318	GCF_000262695.1	2	2356985
MF6_006318	GCF_000292915.1	2	3003666
MF6_006318	GCF_000294635.1	2	3153284
MF6_006318	GCF_000385525.1	2	2763585
MF6_006318	GCF_000402035.1	2	1465356
MF6_006318	GCF_000439695.1	2	3373917
MF6_006318	GCF_000494855.1	2	3340068
MF6_006318	GCF_000511895.1	2	3361913
MF6_006318	GCF_000511915.1	2	3245956
MF6_006318	GCF_000520895.1	2	3248143
MF6_006318	GCF_000521645.1	2	3245118
MF6_006318	GCF_000567905.1	2	2940942
MF6_006318	GCF_000567925.1	2	2914718
MF6_006318	GCF_000567945.1	2	2852101
MF6_006318	GCF_000583835.1	2	3391010
MF6_006318	GCF_000701165.1	2	3400736
MF6_006318	GCF_000705535.2	2	3012498
MF6_006318	GCF_000706745.1	2	2821713
MF6_006318	GCF_000755725.1	2	3209624
MF6_006318	GCF_000755765.1	2	3386014
MF6_006318	GCF_000755785.1	2	2325354
MF6_006318	GCF_000755805.1	2	3206581
MF6_006318	GCF_000755825.1	2	3214293
MF6_006318	GCF_000755845.1	2	2146721
MF6_006318	GCF_000755865.1	2	2093560
MF6_006318	GCF_000755885.1	2	2096906
MF6_006318	GCF_000755905.1	2	3194122
MF6_006318	GCF_000755925.1	2	3200711
MF6_006318	GCF_000755945.1	2	3146583
MF6_006318	GCF_000755965.1	2	3236215
MF6_006318	GCF_000755985.1	2	3121665
MF6_006318	GCF_000756005.1	2	2541526
MF6_006318	GCF_000756025.1	2	2321567
MF6_006318	GCF_000756065.1	2	3236977
MF6_006318	GCF_000756085.1	2	3138647
MF6_006318	GCF_000756125.1	2	3100174
MF6_006318	GCF_000756145.1	2	3102140
MF6_006318	GCF_000756165.1	2	3008404
MF6_006318	GCF_000756185.1	2	3244818
MF6_006318	GCF_000757015.2	2	3225565
MF6_006318	GCF_000757035.2	2	3184745
MF6_006318	GCF_000762285.1	2	2351417
MF6_006318	GCF_000764575.1	2	3248948
MF6_006318	GCF_000764595.1	2	2823176
MF6_006318	GCF_000764955.1	2	2375865
MF6_006318	GCF_000765375.1	2	2870750
MF6_006318	GCF_000770395.1	2	3194326
MF6_006318	GCF_000770455.1	2	3256009
MF6_006318	GCF_000770495.1	2	3227179
MF6_006318	GCF_000770515.1	2	3327069
MF6_006318	GCF_000770535.1	2	3263576
MF6_006318	GCF_000770565.1	2	3267160
MF6_006318	GCF_000808035.2	2	2966450
MF6_006318	GCF_000835205.1	2	3732771
MF6_006318	GCF_000953095.1	2	3117372
MF6_006318	GCF_000954175.1	2	3039355
MF6_006318	GCF_000959125.1	2	3145454
MF6_006318	GCF_000959145.1	2	3216446
MF6_006318	GCF_000959165.1	2	2284094
MF6_006318	GCF_000959185.1	2	3108026
MF6_006318	GCF_000959205.1	2	3267445
MF6_006318	GCF_000959225.1	2	3205965
MF6_006318	GCF_000959245.1	2	2722556
MF6_006318	GCF_000959265.1	2	3260260
MF6_006318	GCF_000959285.1	2	3173067
MF6_006318	GCF_000959305.1	2	3127457
MF6_006318	GCF_000959325.1	2	2913181
MF6_006318	GCF_000959345.1	2	3190204
MF6_006318	GCF_000959365.1	2	3002987
MF6_006318	GCF_000959405.1	2	2353260
MF6_006318	GCF_000959425.1	2	2914772
MF6_006318	GCF_000959445.1	2	2262093
MF6_006318	GCF_000959465.1	2	2126012
MF6_006318	GCF_000959485.1	2	1858539
MF6_006318	GCF_000959505.1	2	2168075
MF6_006318	GCF_000959525.1	2	2344193
MF6_006318	GCF_000959545.1	2	2646970
MF6_006318	GCF_000959605.1	2	2897757
MF6_006318	GCF_000959625.1	2	2237503
MF6_006318	GCF_000959725.1	2	3927513
MF6_006318	GCF_000960995.1	2	2820414
MF6_006318	GCF_000961515.1	2	3508455
MF6_006318	GCF_000974835.2	1	6419376
MF6_006318	GCF_001028665.1	2	3214754
MF6_006318	GCF_001029145.1	1	3522585
MF6_006318	GCF_001277875.1	2	3228004
MF6_006318	GCF_001277895.1	2	3227965
MF6_006318	GCF_001277975.1	2	3156645
MF6_006318	GCF_001318245.1	2	3147816
MF6_006318	GCF_001411495.1	2	3408190
MF6_006318	GCF_001411805.1	2	3743649
MF6_006318	GCF_001484665.1	2	3086109
MF6_006318	GCF_001513745.1	2	2913543
MF6_006318	GCF_001522105.2	2	3126684
MF6_006318	GCF_001522135.2	2	3003039
MF6_006318	GCF_001522585.2	2	2801147
MF6_006318	GCF_001522635.2	2	2917588
MF6_006318	GCF_001523745.2	2	2752114
MF6_006318	GCF_001523915.2	2	2709855
MF6_006318	GCF_001524445.2	2	2824254
MF6_006318	GCF_001524625.2	2	2934072
MF6_006318	GCF_001524645.2	2	2473077
MF6_006318	GCF_001532025.2	2	2832141
MF6_006318	GCF_001606115.1	2	3107451
MF6_006318	GCF_001606135.1	1	7459003
MF6_006318	GCF_001695715.1	2	3256300
MF6_006318	GCF_001695735.1	2	3254339
MF6_006318	GCF_001718295.1	2	2966282
MF6_006318	GCF_001718315.1	2	2619120
MF6_006318	GCF_001718335.1	2	2466714
MF6_006318	GCF_001718355.1	2	3052802
MF6_006318	GCF_001718395.1	2	3608925
MF6_006318	GCF_001718415.1	2	2995708
MF6_006318	GCF_001718495.1	2	2428798
MF6_006318	GCF_001718515.1	2	2869430
MF6_006318	GCF_001718535.1	2	3050136
MF6_006318	GCF_001718555.1	2	2967116
MF6_006318	GCF_001718575.1	2	3386917
MF6_006318	GCF_001718595.1	2	2822193
MF6_006318	GCF_001718615.1	2	2940149
MF6_006318	GCF_001718635.1	2	2895326
MF6_006318	GCF_001718655.1	2	3000610
MF6_006318	GCF_001718695.1	2	2186651
MF6_006318	GCF_001718755.1	2	2533520
MF6_006318	GCF_001718775.1	1	5577538
MF6_006318	GCF_001718795.1	2	2339576
MF6_006318	GCF_001718815.1	2	2215292
MF6_006318	GCF_001718835.1	2	3417004
MF6_006318	GCF_001718855.1	2	3435939
MF6_006318	GCF_001718875.1	2	2042468
MF6_006318	GCF_001718895.1	2	3069864
MF6_006318	GCF_001718915.1	2	2229737
MF6_006318	GCF_001718955.1	2	3001569
MF6_006318	GCF_001718975.1	2	3094056
MF6_006318	GCF_001718995.1	2	2493865
MF6_006318	GCF_001729545.1	2	2226175
MF6_006318	GCF_001742165.1	2	3318880
MF6_006318	GCF_001885195.1	2	3190235
MF6_006318	GCF_001887555.1	2	3236690
MF6_006318	GCF_001887575.1	2	3236690
MF6_006318	GCF_001975065.1	2	3272138
MF6_006318	GCF_001975085.1	2	3249730
MF6_006318	GCF_001975105.1	2	3249682
MF6_006318	GCF_001975125.1	2	3380426
MF6_006318	GCF_001975145.1	2	3380273
MF6_006318	GCF_001980585.2	2	3118370
MF6_006318	GCF_001999785.1	1	7499459
MF6_006318	GCF_001999825.1	1	6339862
MF6_006318	GCF_001999885.1	2	2984720
MF6_006318	GCF_002007585.1	2	3097552
MF6_006318	GCF_002097715.1	2	3308659
MF6_006318	GCF_002110945.1	2	3287088
MF6_006318	GCF_002110965.1	2	3273436
MF6_006318	GCF_002111005.1	2	3267867
MF6_006318	GCF_002111025.1	2	3266006
MF6_006318	GCF_002111045.1	2	3263237
MF6_006318	GCF_002111085.1	2	3260317
MF6_006318	GCF_002111105.1	2	3084746
MF6_006318	GCF_002111125.1	2	3212183
MF6_006318	GCF_002111145.1	2	3138916
MF6_006318	GCF_002111165.1	2	3245772
MF6_006318	GCF_002111205.1	2	3078985
MF6_006318	GCF_002111225.1	2	3188810
MF6_006318	GCF_002111245.1	2	3267789
MF6_006318	GCF_002111265.1	2	3265934
MF6_006318	GCF_002111285.1	2	3245094
MF6_006318	GCF_002111305.1	2	3306540
MF6_006318	GCF_002111325.1	2	3207929
MF6_006318	GCF_002111345.1	2	3144330
MF6_006318	GCF_002111365.1	2	3248554
MF6_006318	GCF_002111385.1	2	3269674
MF6_006318	GCF_002208175.1	2	3922845
MF6_006318	GCF_002209085.2	2	3397795
MF6_006318	GCF_002345985.1	2	2120306
MF6_006318	GCF_002346005.1	2	2105279
MF6_006318	GCF_002346025.1	2	2120565
MF6_006318	GCF_002346045.1	2	2325357
MF6_006318	GCF_002346065.1	2	2104778
MF6_006318	GCF_002346085.1	2	2106749
MF6_006318	GCF_002346105.1	2	2185904
MF6_006318	GCF_002346125.1	2	2240464
MF6_006318	GCF_002346145.1	2	2146721
MF6_006318	GCF_002346165.1	2	2120572
MF6_006318	GCF_002346185.1	2	2728358
MF6_006318	GCF_002346205.1	2	2226558
MF6_006318	GCF_002356275.1	2	3163229
MF6_006318	GCF_002386205.1	2	2762025
MF6_006318	GCF_002393425.1	2	3925840
MF6_006318	GCF_002407525.2	2	3397791
MF6_006318	GCF_002843645.1	2	3258775
MF6_006318	GCF_002860065.1	2	3130290
MF6_006318	GCF_003019945.1	2	2262065
MF6_006318	GCF_003019965.1	2	2344186
MF6_006318	GCF_003020025.1	2	2853041
MF6_006318	GCF_003020185.1	2	2940845
MF6_006318	GCF_003076415.1	2	2856344
MF6_006318	GCF_003233675.1	2	3274969
MF6_006318	GCF_003330765.1	2	3400486
MF6_006318	GCF_003366075.1	2	3139806
MF6_006318	GCF_003368325.1	2	3619047
MF6_006318	GCF_003445415.1	2	3158067
MF6_006318	GCF_003546465.1	2	3396456
MF6_006318	GCF_003547015.1	2	3112891
MF6_006318	GCF_003547035.1	2	3115305
MF6_006318	GCF_003547055.1	2	3173851
MF6_006318	GCF_003568605.1	2	2735759
MF6_006318	GCF_003606245.1	2	3217986
MF6_006318	GCF_003613595.1	2	3923011
MF6_006318	GCF_003614815.1	2	2821560
MF6_006318	GCF_003614835.1	2	2852057
MF6_006318	GCF_003704285.1	2	3182734
MF6_006318	GCF_003711145.1	2	3706323
MF6_006318	GCF_003713105.1	2	4002946
MF6_006318	GCF_003798245.1	2	3157202
MF6_006318	GCF_003798265.1	2	3139076
MF6_006318	GCF_003798365.1	2	3176440
MF6_006318	GCF_003812365.1	2	2331436
MF6_006318	GCF_003812585.1	2	2383823
MF6_006318	GCF_003812965.1	2	3155590
MF6_006318	GCF_003813045.1	2	2168066
MF6_006318	GCF_003966315.1	2	3039797
MF6_006318	GCF_004323015.1	2	3102688
MF6_006318	GCF_004323035.1	2	3113526
MF6_006318	GCF_004348055.1	2	3103695
MF6_006318	GCF_004348075.1	2	3069583
MF6_006318	GCF_004367665.1	2	3099454
MF6_006318	GCF_004367685.1	2	3119419
MF6_006318	GCF_004367705.1	2	3097834
MF6_006318	GCF_004367725.1	2	3099308
MF6_006318	GCF_004526325.1	2	3120072
MF6_006318	GCF_004842085.1	2	3363129
MF6_006318	GCF_005280735.1	2	3695250
MF6_006318	GCF_005853645.1	2	3162636
MF6_006318	GCF_005862325.1	2	3116035
MF6_006318	GCF_005937855.2	2	2783599
MF6_006318	GCF_006094315.1	2	3396958
MF6_006318	GCF_007556815.1	2	3016794
MF6_006318	GCF_008693485.1	2	2365849
MF6_006318	GCF_008693525.1	2	2365865
MF6_006318	GCF_008728255.1	2	3171459
MF6_006318	GCF_008728275.1	2	3147867
MF6_006318	GCF_008728295.1	2	3171635
MF6_006318	GCF_008728315.1	2	3159667
MF6_006318	GCF_008728335.1	2	3169063
MF6_006318	GCF_008728355.1	2	3167882
MF6_006318	GCF_008728375.1	2	3208533
MF6_006318	GCF_009191525.1	2	3247714
MF6_006318	GCF_009578005.1	2	2750046
MF6_006318	GCF_009586235.1	2	3430130
MF6_006318	GCF_009730035.1	2	2434081
MF6_006318	GCF_009730175.1	2	2418100
MF6_006318	GCF_009730195.1	2	2365727
MF6_006318	GCF_009749345.1	2	3257170
MF6_006318	GCF_009755625.1	2	3247807
MF6_006318	GCF_009857095.1	2	2779201
MF6_006318	GCF_009931375.1	2	2763738
MF6_006318	GCF_011578485.1	2	2875717
MF6_006318	GCF_012974245.1	2	2869204
MF6_006318	GCF_013122645.1	2	2745532
MF6_006318	GCF_013307145.1	2	2783312
MF6_006318	GCF_013307165.1	2	2850144
MF6_006318	GCF_013822785.1	2	2210956
MF6_006318	GCF_014211915.1	2	2857915
MF6_006318	GCF_014263355.1	2	3985347
MF6_006318	GCF_014357995.1	2	3211025
MF6_006318	GCF_014854795.1	2	3415325
MF6_006318	GCF_016026055.1	2	2820518
MF6_006318	GCF_016027435.1	2	3126683
MF6_006318	GCF_016027455.1	2	2913520
MF6_006318	GCF_016127755.1	2	2646970
MF6_006318	GCF_016128195.1	3	213994
MF6_006318	GCF_016458785.1	2	2704441
MF6_006318	GCF_016458805.1	2	2991650
MF6_006318	GCF_016598875.1	2	2820468
MF6_006318	GCF_016698705.1	2	3913767
MF6_006318	GCF_016774495.1	2	2826723
MF6_006318	GCF_016864355.1	2	3303859
MF6_006318	GCF_016889205.1	2	2168068
MF6_006318	GCF_016899425.1	2	3002449
MF6_006318	GCF_016899445.1	2	3288546
MF6_006318	GCF_017165175.1	2	2429771
MF6_006318	GCF_017165195.1	2	2439726
MF6_006318	GCF_017165475.1	2	2438740
MF6_006318	GCF_017165495.1	2	2438624
MF6_006318	GCF_017165515.1	2	2439060
MF6_006318	GCF_017165535.1	2	2440132
MF6_006318	GCF_017165555.1	2	2440183
MF6_006318	GCF_017378155.1	2	3330822
MF6_006318	GCF_017378195.1	2	3203152
MF6_006318	GCF_017378235.1	2	3222599
MF6_006318	GCF_017378275.1	2	3199869
MF6_006318	GCF_017378315.2	2	3074610
MF6_006318	GCF_017378355.1	2	3171004
MF6_006318	GCF_017378435.1	2	3254530
MF6_006318	GCF_017514945.1	2	3086006
MF6_006318	GCF_017815595.1	2	2400076
MF6_006318	GCF_017815615.1	2	2289068
MF6_006318	GCF_017858835.1	2	2836688
MF6_006318	GCF_018223765.1	2	3176312
MF6_006318	GCF_018223785.1	2	3267640
MF6_006318	GCF_018223805.1	2	3219652
MF6_006318	GCF_018228345.1	2	3144211
MF6_006318	GCF_018228385.1	2	3117866
MF6_006318	GCF_018228525.1	2	3142999
MF6_006318	GCF_018228545.1	2	3067082
MF6_006318	GCF_018228565.1	2	3143942
MF6_006318	GCF_018228585.1	2	3140230
MF6_006318	GCF_018228605.1	2	3139758
MF6_006318	GCF_018228625.1	2	3191508
MF6_006318	GCF_018417535.1	2	3307718
MF6_006318	GCF_018771365.1	2	3250235
MF6_006318	GCF_019930785.1	2	2168154
MF6_006318	GCF_020099355.1	2	2262096
MF6_006318	GCF_020736245.1	2	2168154
MF6_006318	GCF_020843905.1	2	2790852
MF6_006318	GCF_020843925.1	2	2746885
MF6_006318	GCF_020843945.1	2	3226031
MF6_006318	GCF_020843965.1	2	3132505
MF6_006318	GCF_020843985.1	2	2827353
MF6_006318	GCF_021344035.2	1	3826233
MF6_006318	GCF_021484945.1	2	3474201
MF6_006318	GCF_021535065.1	2	3224222
MF6_006318	GCF_021899435.1	2	3713971
MF6_006318	GCF_022213445.1	2	2300155
MF6_006318	GCF_022533485.1	2	3278817
MF6_006318	GCF_022809715.1	2	3004083
MF6_006318	GCF_023053515.1	2	3539936
MF6_006318	GCF_023373625.1	2	2334973
MF6_006318	GCF_023373645.1	2	2334987
MF6_006318	GCF_023373665.1	2	2358532
MF6_006318	GCF_023373685.1	2	2358536
MF6_006318	GCF_023373725.1	2	2145061
MF6_006318	GCF_023374315.1	2	2352823
MF6_006318	GCF_023374335.1	2	3122052
MF6_006318	GCF_023374355.1	2	2442620
MF6_006318	GCF_023374375.1	2	2402736
MF6_006318	GCF_023374395.1	2	2358312
MF6_006318	GCF_023374415.1	2	2402749
MF6_006318	GCF_023374435.1	2	2435330
MF6_006318	GCF_023374455.1	2	2309426
MF6_006318	GCF_023374475.1	2	3501858
MF6_006318	GCF_023374495.1	2	2336499
MF6_006318	GCF_023374515.1	2	2349819
MF6_006318	GCF_023374535.1	2	2439213
MF6_006318	GCF_023374575.1	2	2432265
MF6_006318	GCF_023374595.1	2	2402759
MF6_006318	GCF_023374615.1	2	2309425
MF6_006318	GCF_023374635.1	2	2439884
MF6_006318	GCF_023374655.1	2	2437988
MF6_006318	GCF_023374675.1	2	3516028
MF6_006318	GCF_023374695.1	2	2406999
MF6_006318	GCF_023374715.1	2	3504726
MF6_006318	GCF_023374735.1	2	2404909
MF6_006318	GCF_023374755.1	2	2358520
MF6_006318	GCF_023374775.1	2	2288622
MF6_006318	GCF_023374795.1	2	2436911
MF6_006318	GCF_023374815.1	2	2358546
MF6_006318	GCF_023374835.1	2	3122641
MF6_006318	GCF_023374855.1	2	3122654
MF6_006318	GCF_023374875.1	2	2402736
MF6_006318	GCF_023374895.1	2	2885946
MF6_006318	GCF_023658595.1	2	3872622
MF6_006318	GCF_024022955.1	2	2864763
MF6_006318	GCF_024072595.1	2	3586118
MF6_006318	GCF_024072715.1	2	3584633
MF6_006318	GCF_024123895.1	2	3534758
MF6_006318	GCF_024381035.2	2	3525317
MF6_006318	GCF_024600575.1	2	3408063
MF6_006318	GCF_024661975.1	2	3173531
MF6_006318	GCF_024662395.1	2	2820186
MF6_006318	GCF_024662415.1	2	2808990
MF6_006318	GCF_024662435.1	2	2812129
MF6_006318	GCF_024662455.1	2	2828244
MF6_006318	GCF_024662475.1	2	2828244
MF6_006318	GCF_024662615.1	2	2828244
MF6_006318	GCF_024662735.1	2	2828244
MF6_006318	GCF_024662895.1	2	2828244
MF6_006318	GCF_024663015.1	2	2846341
MF6_006318	GCF_024663135.1	2	2852417
MF6_006318	GCF_024663255.1	2	2820186
MF6_006318	GCF_024663375.1	2	2828244
MF6_006318	GCF_024663615.1	2	2828243
MF6_006318	GCF_024663775.1	2	2872561
MF6_006318	GCF_024663895.1	2	2828244
MF6_006318	GCF_024663975.1	2	2828245
MF6_006318	GCF_024663995.1	2	2828243
MF6_006318	GCF_024664015.1	2	2852417
MF6_006318	GCF_024664035.1	2	2828245
MF6_006318	GCF_024664055.1	2	2836302
MF6_006318	GCF_024664075.1	2	2796013
MF6_006318	GCF_024664095.1	2	2834421
MF6_006318	GCF_024664115.1	2	2783927
MF6_006318	GCF_024664135.1	2	2880619
MF6_006318	GCF_024664155.1	2	2828244
MF6_006318	GCF_024664175.1	2	2828244
MF6_006318	GCF_024664195.1	2	2908152
MF6_006318	GCF_024664215.1	2	2735580
MF6_006318	GCF_024664235.1	2	2728074
MF6_006318	GCF_024664255.1	2	2840330
MF6_006318	GCF_024664275.1	1	6490471
MF6_006318	GCF_024730645.1	2	3022085
MF6_006318	GCF_024732225.1	2	3026422
MF6_006318	GCF_024760585.1	2	2248089
MF6_006318	GCF_024760605.1	2	2880619
MF6_006318	GCF_024760625.1	2	2787956
MF6_006318	GCF_024760645.1	1	6450182
MF6_006318	GCF_025244785.1	2	3932966
MF6_006318	GCF_025560745.1	2	3361469
MF6_006318	GCF_025643495.1	2	2259977
MF6_006318	GCF_025643515.1	2	3158005
MF6_006318	GCF_025643555.1	2	2341839
MF6_006318	GCF_025643575.1	2	3216338
MF6_006318	GCF_026315005.1	2	2968889
MF6_006318	GCF_026315025.1	2	3008591
MF6_006318	GCF_026315045.1	2	3008419
MF6_006318	GCF_026651625.1	2	3986150
MF6_006318	GCF_026651975.1	2	2844361
MF6_006318	GCF_026651995.1	2	2848390
MF6_006318	GCF_026652015.1	2	2836304
MF6_006318	GCF_026683835.2	2	2696226
MF6_006318	GCF_026683855.2	2	2647171
MF6_006318	GCF_026683875.2	2	2647092
MF6_006318	GCF_026958255.1	2	2728612
MF6_006318	GCF_028201395.1	2	3117834
MF6_006318	GCF_028462305.2	2	3460727
MF6_006318	GCF_028473685.1	2	3466942
MF6_006318	GCF_028657905.1	2	3002736
MF6_006318	GCF_029536165.1	2	3100484
MF6_006318	GCF_029590335.1	2	3244835
MF6_006318	GCF_029633645.1	2	3330511
MF6_006318	GCF_029633805.1	2	3207179
MF6_006318	GCF_029633825.1	2	3261244
MF6_006318	GCF_029910195.1	3	1343392
MF6_006318	GCF_029910215.1	2	3338875
MF6_006318	GCF_029962485.1	2	3267341
MF6_006318	GCF_030078435.1	2	2219983
MF6_006318	GCF_030297195.1	2	3144273
MF6_006318	GCF_030297215.1	2	3138372
MF6_006318	GCF_030297235.1	2	3198670
MF6_006318	GCF_030297255.1	2	3143428
MF6_006318	GCF_030297275.1	2	3099277
MF6_006318	GCF_030297295.1	2	3175930
MF6_006318	GCF_030297315.1	2	3143756
MF6_006318	GCF_030297335.1	2	3171481
MF6_006318	GCF_030297355.1	2	3144827
MF6_006318	GCF_030374675.1	2	3002478
MF6_006318	GCF_030505635.1	1	3855283
MF6_006318	GCF_030644525.1	2	3731345
MF6_006318	GCF_030848725.1	2	2211974
MF6_006318	GCF_033675275.1	2	3095076
MF6_006318	GCF_033675305.1	2	3018887
MF6_006318	GCF_033675325.1	2	3329779
MF6_006318	GCF_033870355.1	1	3152963
MF6_006318	GCF_033870375.1	2	2196737
MF6_006318	GCF_033870395.1	1	5822796
MF6_006318	GCF_033956065.1	2	2324638
MF6_006318	GCF_034424375.1	1	6677280
MF6_006318	GCF_034424545.1	2	2294374
MF6_006318	GCF_035621555.1	2	2860001
MF6_006318	GCF_036352035.1	2	2436595
MF6_006318	GCF_036362805.1	2	2296428
MF6_006318	GCF_036837415.1	2	3979285
MF6_006318	GCF_036839165.1	2	3979224
MF6_006318	GCF_037055255.1	2	3596266
MF6_006318	GCF_037101275.1	2	3017943
MF6_006318	GCF_038050405.1	2	4449873
MF6_006318	GCF_038452255.1	2	3466835
MF6_006318	GCF_038723655.1	2	3471056
MF6_006318	GCF_038782865.1	2	2651331
MF6_006318	GCF_038983115.1	2	3198821
MF6_006318	GCF_038983225.1	2	3199400
MF6_006318	GCF_039728355.1	2	3225523
MF6_006318	GCF_039848545.1	2	3167812
MF6_006318	GCF_040215475.1	2	3249807
MF6_006318	GCF_040314805.1	2	2294360
MF6_006318	GCF_040735455.1	2	2809008
MF6_006318	GCF_040761425.1	2	3048481
MF6_006318	GCF_041070875.1	2	3307321
MF6_006318	GCF_041205585.2	2	3164445
MF6_006318	GCF_042604585.1	2	3964551
MF6_006318	GCF_042604595.1	2	4046521
MF6_006318	GCF_043193125.1	2	2949100
MF6_006318	GCF_044057485.1	2	3246353
MF6_006318	GCF_044501195.1	2	3316690
MF6_006318	GCF_045345775.1	2	2799897
MF6_006318	GCF_045348565.1	2	3633723
MF6_006318	GCF_045862465.1	2	3800749
MF6_006318	GCF_045925845.1	2	3026459
MF6_006318	GCF_046773525.1	2	3418465
MF6_006318	GCF_047127275.1	2	3418796
MF6_006318	GCF_047497155.1	2	3417923
MF6_006318	GCF_047497165.1	2	3497524
MF6_006318	GCF_047902435.1	2	3375692
MF6_006318	GCF_048565175.1	2	4000879
MF6_006318	GCF_048565265.1	2	3438352
MF6_006318	GCF_048627025.1	2	3399615
MF6_006318	GCF_048688115.1	2	2858975
MF6_006318	GCF_048917655.1	2	3834485
MF6_006318	GCF_048917665.1	2	3834690
MF6_006318	GCF_048917685.1	2	3834513
MF6_006318	GCF_049487195.1	2	3268913
MF6_006318	GCF_049913365.1	2	2774643
MF6_006318	GCF_049942845.1	2	2805731
MF6_006318	GCF_050320195.1	2	3456576
MF6_006318	GCF_050613125.1	2	4049529
MF6_006318	GCF_050613135.1	2	3325566
MF6_006318	GCF_050627075.1	2	3508438
MF6_006318	GCF_050627395.1	2	3508453
MF6_006318	GCF_050632305.1	2	3146357
MF6_006318	GCF_050632315.1	2	3146363
MF6_006318	GCF_050632325.1	2	3391474
MF6_006318	GCF_050632335.1	2	3146358
MF6_006318	GCF_050632345.1	2	3146071
MF6_006318	GCF_050632355.1	2	3452404
MF6_006318	GCF_050813845.1	2	3569160
MF6_006318	GCF_050920555.1	2	3916618
MF6_006318	GCF_051027425.1	2	3705942
MF6_006318	GCF_051124805.1	1	3235930
MF6_006318	GCF_051125205.1	1	3243926
MF6_006318	GCF_051125545.1	1	3299055
MF6_006318	GCF_051355645.1	2	3595701
MF6_006318	GCF_051560065.1	2	3203209
MF6_006318	GCF_051560085.1	2	3211908
MF6_006318	GCF_051560105.1	2	3284474
MF6_006318	GCF_051560125.1	2	3288499
MF6_006318	GCF_051560145.1	2	3289396
MF6_006318	GCF_052222725.1	2	3914413
MF6_006318	GCF_052854005.1	2	3243075
MF6_006318	GCF_052854015.1	2	3195248
MF6_006318	GCF_052854305.1	2	3142130
MF6_006318	GCF_052854315.1	2	3193295
MF6_006318	GCF_052854605.1	2	3174682
MF6_006318	GCF_052854615.1	2	3174777
MF6_006318	GCF_052854885.1	2	3212550
MF6_006318	GCF_052854895.1	2	3100937
MF6_006318	GCF_052855305.1	2	3194467
MF6_006318	GCF_052855315.1	2	3194602
MF6_006318	GCF_052855605.1	2	3147087
MF6_006318	GCF_052855615.1	2	3124250
MF6_006318	GCF_052855985.1	2	3122619
MF6_006318	GCF_052856205.1	2	3118003
MF6_006318	GCF_052857015.1	2	3120946
MF6_006318	GCF_052857225.1	2	3171656
MF6_006318	GCF_052857935.1	2	3149901
MF6_006318	GCF_052858145.1	2	3150400
MF6_006318	GCF_052858685.1	2	3183232
MF6_006318	GCF_052858755.1	2	3114344
MF6_006318	GCF_053038975.1	2	2862001
MF6_006318	GCF_053153985.1	2	2366034
MF6_006318	GCF_053209605.1	2	2859967
MF6_006318	GCF_053348855.1	2	2960641
MF6_006318	GCF_053470105.1	2	3913691
MF6_006318	GCF_053470145.1	2	3913611
MF6_006318	GCF_054073385.1	2	3112656
MF6_006318	GCF_054073395.1	2	3084765
MF6_006318	GCF_054166185.1	2	3014549
MF6_006318	GCF_054187845.1	2	3794154
MF6_006318	GCF_054558305.1	2	3245198
MF6_006318	GCF_054955335.1	1	6953363
MF6_006318	GCF_055386035.1	2	3758526
MF6_006318	GCF_055387925.1	2	2327965
MF6_006318	GCF_055397665.1	2	2221172
MF6_006318	GCF_055397955.1	2	3924332
MF6_006318	GCF_055810255.1	2	2818906
MF6_006318	GCF_056640905.1	2	3328575
MF6_006318	GCF_056783395.1	2	3428300
MF6_006318	GCF_057005415.2	2	3685627
MF6_006318	GCF_057369595.1	2	3419015
MF6_006318	GCF_057439935.1	2	3419015
MF6_006318	GCF_057612605.2	2	1590018
MF6_006318	GCF_058448765.1	2	3851263
MF6_006318	GCF_059089405.1	2	3373875
MF6_006318	GCF_059622985.1	2	4087676
MF6_006318	GCF_902141795.1	2	3115305
MF6_006318	GCF_902141815.1	2	3112891
MF6_006318	GCF_902141835.1	2	3173851
MF6_006318	GCF_904865725.1	2	3006131
MF6_006318	GCF_905400185.1	2	3050481
MF6_006318	GCF_939576165.1	1	5647473
MF6_006318	GCF_964264985.1	2	3046645
MF6_006318	GCF_964264995.1	2	3601574
MF6_006318	GCF_964265005.1	2	3601505
MF6_006318	GCF_964265015.1	2	3495121
MF6_006318	GCF_964265025.1	2	3486477
MF6_006318	GCF_965118185.1	2	3440003
MF6_006318	GCF_965199385.1	2	3249516
MF6_006318	GCF_965199395.1	2	3246938
MF6_006318	GCF_965199405.1	2	3246053
MF6_006318	GCF_965199425.1	2	3246872
MF6_006318	GCF_965199435.1	2	3248534
MF6_006318	GCF_965199445.1	2	3247000
MF6_006318	GCF_965199455.1	2	3248530
MF6_006318	GCF_965199515.1	2	3246993
MF6_006318	GCF_965199545.1	2	3221484
MF6_006318	GCF_965199625.1	2	3246650
MF6_006318	GCF_965199835.1	2	3309517
MF6_006318	GCF_965199925.1	2	3148392
MF6_006318	GCF_965201125.1	2	3256226
MF6_006318	GCF_965202565.1	2	3255975
MF6_006318	GCF_965211575.1	2	3248827
MF6_006318	GCF_965211595.1	2	3222411
MF6_006318	GCF_980295165.1	2	3179731
MF6_006318	GCF_980300355.1	2	3115442
MF6_006318	GCF_980300905.1	2	3200896
MF6_006318	GCF_980300945.1	2	3200795
MF6_006318	GCF_980300965.1	2	3218131
MF6_006318	GCF_984667665.1	2	3532587
MF6_006318	GCF_984667675.1	2	3316512
MF6_006318	GCF_984667725.1	2	3479138
MF6_006318	GCF_984667835.1	2	3382556
MF6_006318	GCF_984667895.1	2	3349714
MF6_006318	GCF_984667945.1	2	3415142
MF6_006318	GCF_984667955.1	2	3423854
MF6_006318	GCF_984667975.1	2	3370433
MF6_006318	GCF_984668005.1	2	3521856
MF6_006318	GCF_984668195.1	2	3390539
MF6_006318	GCF_984668265.1	2	3401831
MF6_006318	GCF_984668355.1	2	3342179
MF6_006318	GCF_984668395.1	2	3479142
MF6_006318	GCF_984668525.1	2	3197900
MF6_006318	GCF_984669265.1	2	3091526
MF6_006318	GCF_984669325.1	2	3370433
MF6_006318	GCF_984669335.1	2	3515367
MF6_006318	GCF_984669415.1	2	3415142
MF6_006318	GCF_984669565.1	2	3426442
MF6_006318	GCF_984669585.1	2	3411081
MF6_006318	GCF_984669685.1	2	3349698
MF6_006318	GCF_984669705.1	2	3219997
MF6_006318	GCF_984671675.1	2	3354725
MF6_006318	GCF_984671695.1	2	3557304
MF6_006318	MF6	2	2983592
MF6_006318	MF7	1	2762977
